"","GEOID1","GEOID2","FULL1_NAME","FULL2_NAME","variable","estimate","moe","centroid1","centroid2","GISJOIN.x","YEAR.x","CBSAA","median_cost.x","GISJOIN.y","YEAR.y","NAME_E.y","median_cost.y","housing_chg","GISJOIN","chg_white_2010_2020","chg_black_2010_2020","chg_aiak_2010_2020","chg_asian_2010_2020","chg_nhpi_2010_2020","chg_other_2010_2020","chg_twoplus_2010_2020"
"1","42660","10180","Seattle-Tacoma-Bellevue, WA Metro Area","Abilene, TX Metro Area","MOVEDOUT",48,34,c(-121.881387433741, 47.5574033466574),c(-99.717678358008, 32.4496900313019),"G10180","2011-2015",10180,94000,"G10180","2016-2020","Abilene, TX Metro Area",124900,30900,"G10180",-7227,1744,378,882,71,720,14759
"2","42660","10420","Seattle-Tacoma-Bellevue, WA Metro Area","Akron, OH Metro Area","MOVEDOUT",49,45,c(-121.881387433741, 47.5574033466574),c(-81.3495122130132, 41.1487250686295),"G10420","2011-2015",10420,137900,"G10420","2016-2020","Akron, OH Metro Area",153600,15700,"G10420",-44830.0600000001,2956,16,11856,33,3644,25339
"3","42660","10500","Seattle-Tacoma-Bellevue, WA Metro Area","Albany, GA Metro Area","MOVEDOUT",0,NA,c(-121.881387433741, 47.5574033466574),c(-84.1738860941887, 31.5895065709885),"G10500","2011-2015",10500,106100,"G10500","2016-2020","Albany, GA Metro Area",120200,14100,"G10500",-6800,-2698,-50,214,-93,727,3190
"4","42660","10580","Seattle-Tacoma-Bellevue, WA Metro Area","Albany-Schenectady-Troy, NY Metro Area","MOVEDOUT",119,72,c(-121.881387433741, 47.5574033466574),c(-73.9419726782192, 42.7885022989832),"G10580","2011-2015",10580,197400,"G10580","2016-2020","Albany-Schenectady-Troy, NY Metro Area",221200,23800,"G10580",-55989,10391,860,19116,137,10079,43952
"5","42660","10740","Seattle-Tacoma-Bellevue, WA Metro Area","Albuquerque, NM Metro Area","MOVEDOUT",568,284,c(-121.881387433741, 47.5574033466574),c(-106.471644596769, 35.1222952718886),"G10740","2011-2015",10740,177100,"G10740","2016-2020","Albuquerque, NM Metro Area",199700,22600,"G10740",-133717.88,2035,8164.01,5374,201,-3535.04000000001,150928.83
"6","42660","10780","Seattle-Tacoma-Bellevue, WA Metro Area","Alexandria, LA Metro Area","MOVEDOUT",96,87,c(-121.881387433741, 47.5574033466574),c(-92.5418574665648, 31.3305506967199),"G10780","2011-2015",10780,120100,"G10780","2016-2020","Alexandria, LA Metro Area",144500,24400,"G10780",-6299.53,-1990.01,-31.01,277,-3,1059.99,5262.98
"7","42660","10900","Seattle-Tacoma-Bellevue, WA Metro Area","Allentown-Bethlehem-Easton, PA-NJ Metro Area","MOVEDOUT",420,413,c(-121.881387433741, 47.5574033466574),c(-75.4036455924293, 40.7893945116151),"G10900","2011-2015",10900,199800,"G10900","2016-2020","Allentown-Bethlehem-Easton, PA-NJ Metro Area",219200,19400,"G10900",-65450.47,12918,545,6812.01,38,29703.01,56151.05
"8","42660","11100","Seattle-Tacoma-Bellevue, WA Metro Area","Amarillo, TX Metro Area","MOVEDOUT",7,13,c(-121.881387433741, 47.5574033466574),c(-101.626097822503, 35.1850525884309),"G11100","2011-2015",11100,122200,"G11100","2016-2020","Amarillo, TX Metro Area",147600,25400,"G11100",-25127,2308,823,2416,5,5592,31035
"9","42660","11180","Seattle-Tacoma-Bellevue, WA Metro Area","Ames, IA Metro Area","MOVEDOUT",4,8,c(-121.881387433741, 47.5574033466574),c(-93.4650447699997, 42.0362415119933),"G11180","2011-2015",11180,166000,"G11180","2016-2020","Ames, IA Metro Area",179700,13700,"G11180",1702,823,161,78,14,1723,4494
"10","42660","11260","Seattle-Tacoma-Bellevue, WA Metro Area","Anchorage, AK Metro Area","MOVEDOUT",518,196,c(-121.881387433741, 47.5574033466574),c(-149.552252570626, 62.2240717091675),"G11260","2011-2015",11260,272300,"G11260","2016-2020","Anchorage, AK Metro Area",301100,28800,"G11260",-20557,-1385,2474,4529,4385,4346,23716
"11","42660","11460","Seattle-Tacoma-Bellevue, WA Metro Area","Ann Arbor, MI Metro Area","MOVEDOUT",199,148,c(-121.881387433741, 47.5574033466574),c(-83.8387711040476, 42.2532261824749),"G11460","2011-2015",11460,208200,"G11460","2016-2020","Ann Arbor, MI Metro Area",278500,70300,"G11460",807.899999999994,-948.010000000002,16,6523,73,3270,17725
"12","42660","11540","Seattle-Tacoma-Bellevue, WA Metro Area","Appleton, WI Metro Area","MOVEDOUT",17,18,c(-121.881387433741, 47.5574033466574),c(-88.3711473006659, 44.2890277094746),"G11540","2011-2015",11540,158100,"G11540","2016-2020","Appleton, WI Metro Area",180300,22200,"G11540",3083,1515,210,1635,73,1803,9162
"13","42660","11700","Seattle-Tacoma-Bellevue, WA Metro Area","Asheville, NC Metro Area","MOVEDOUT",31,46,c(-121.881387433741, 47.5574033466574),c(-82.6826445426512, 35.6006301219426),"G11700","2011-2015",11700,182500,"G11700","2016-2020","Asheville, NC Metro Area",232400,49900,"G11700",9295.62,278.02,494.98,1402,639.97,9059.93,22998.26
"14","42660","12020","Seattle-Tacoma-Bellevue, WA Metro Area","Athens-Clarke County, GA Metro Area","MOVEDOUT",73,64,c(-121.881387433741, 47.5574033466574),c(-83.2137868099647, 33.9490060817943),"G12020","2011-2015",12020,157800,"G12020","2016-2020","Athens-Clarke County, GA Metro Area",193700,35900,"G12020",6887.07999999999,1066,387,1565.05,6,2942,10022.07
"15","42660","12100","Seattle-Tacoma-Bellevue, WA Metro Area","Atlantic City-Hammonton, NJ Metro Area","MOVEDOUT",0,NA,c(-121.881387433741, 47.5574033466574),c(-74.6337332021301, 39.4688338138396),"G12100","2011-2015",12100,225600,"G12100","2016-2020","Atlantic City-Hammonton, NJ Metro Area",216600,-9000,"G12100",-22769.55,-2618.99,203,1188.98,250,6973.99,16757.97
"16","42660","12220","Seattle-Tacoma-Bellevue, WA Metro Area","Auburn-Opelika, AL Metro Area","MOVEDOUT",0,NA,c(-121.881387433741, 47.5574033466574),c(-85.3555627143245, 32.6011364705819),"G12220","2011-2015",12220,154300,"G12220","2016-2020","Auburn-Opelika, AL Metro Area",173700,19400,"G12220",11645,7669,275,4914,15,2519,6957
"17","42660","12260","Seattle-Tacoma-Bellevue, WA Metro Area","Augusta-Richmond County, GA-SC Metro Area","MOVEDOUT",33,29,c(-121.881387433741, 47.5574033466574),c(-81.9465365274209, 33.4351990544738),"G12260","2011-2015",12260,128200,"G12260","2016-2020","Augusta-Richmond County, GA-SC Metro Area",153300,25100,"G12260",-3238.78000000003,13754.64,173,3611,183,6095.76,25870.04
"18","42660","12620","Seattle-Tacoma-Bellevue, WA Metro Area","Bangor, ME Metro Area","MOVEDOUT",66,62,c(-121.881387433741, 47.5574033466574),c(-68.6494281284415, 45.4005123272593),"G12620","2011-2015",12620,137400,"G12620","2016-2020","Bangor, ME Metro Area",148300,10900,"G12620",-7491,348,-378,443,2,563,4789
"19","42660","12700","Seattle-Tacoma-Bellevue, WA Metro Area","Barnstable Town, MA Metro Area","MOVEDOUT",14,15,c(-121.881387433741, 47.5574033466574),c(-70.2381365830172, 41.7734491612184),"G12700","2011-2015",12700,363500,"G12700","2016-2020","Barnstable Town, MA Metro Area",414000,50500,"G12700",-3735.07999999999,2541,-100,936,-4,2289,11181
"20","42660","12940","Seattle-Tacoma-Bellevue, WA Metro Area","Baton Rouge, LA Metro Area","MOVEDOUT",69,80,c(-121.881387433741, 47.5574033466574),c(-91.1309691903327, 30.5703137889327),"G12940","2011-2015",12940,161800,"G12940","2016-2020","Baton Rouge, LA Metro Area",190000,28200,"G12940",-17077.3,10552.25,474,3492,-27,15556.98,34073.97
"21","42660","13140","Seattle-Tacoma-Bellevue, WA Metro Area","Beaumont-Port Arthur, TX Metro Area","MOVEDOUT",28,37,c(-121.881387433741, 47.5574033466574),c(-94.2013601154407, 30.0764714198905),"G13140","2011-2015",13140,97700,"G13140","2016-2020","Beaumont-Port Arthur, TX Metro Area",120900,23200,"G13140",-27705,525,481,1894,34,9406,24185
"22","42660","13380","Seattle-Tacoma-Bellevue, WA Metro Area","Bellingham, WA Metro Area","MOVEDOUT",3993,616,c(-121.881387433741, 47.5574033466574),c(-121.872829974509, 48.8297449981796),"G13380","2011-2015",13380,274700,"G13380","2016-2020","Bellingham, WA Metro Area",369000,94300,"G13380",4129.98000000001,418,594,3037,233,3115,14180
"23","42660","13740","Seattle-Tacoma-Bellevue, WA Metro Area","Billings, MT Metro Area","MOVEDOUT",160,93,c(-121.881387433741, 47.5574033466574),c(-108.602059278083, 45.6287004043677),"G13740","2011-2015",13740,193500,"G13740","2016-2020","Billings, MT Metro Area",240700,47200,"G13740",5664.78,363,1372,380,115,1111,8149.38
"24","42660","13820","Seattle-Tacoma-Bellevue, WA Metro Area","Birmingham-Hoover, AL Metro Area","MOVEDOUT",54,76,c(-121.881387433741, 47.5574033466574),c(-86.8138680220955, 33.4638408721977),"G13820","2011-2015",13820,146200,"G13820","2016-2020","Birmingham-Hoover, AL Metro Area",171400,25200,"G13820",-22877,13798,1478,5746,20,11390,43029
"25","42660","13900","Seattle-Tacoma-Bellevue, WA Metro Area","Bismarck, ND Metro Area","MOVEDOUT",44,51,c(-121.881387433741, 47.5574033466574),c(-100.905133973237, 46.8370145936504),"G13900","2011-2015",13900,185100,"G13900","2016-2020","Bismarck, ND Metro Area",254900,69800,"G13900",12939,2146,1187,783,306,1295,4314
"26","42660","14020","Seattle-Tacoma-Bellevue, WA Metro Area","Bloomington, IN Metro Area","MOVEDOUT",29,47,c(-121.881387433741, 47.5574033466574),c(-86.7918689438515, 39.1543279987426),"G14020","2011-2015",14020,152300,"G14020","2016-2020","Bloomington, IN Metro Area",177700,25400,"G14020",-11163,677,-37,1170,-17,992,7506
"27","42660","14500","Seattle-Tacoma-Bellevue, WA Metro Area","Boulder, CO Metro Area","MOVEDOUT",513,240,c(-121.881387433741, 47.5574033466574),c(-105.358114213131, 40.0926378656974),"G14500","2011-2015",14500,368800,"G14500","2016-2020","Boulder, CO Metro Area",539100,170300,"G14500",-923.579999999987,861.01,677,4314.78,101,6020.47,25118.23
"28","42660","14540","Seattle-Tacoma-Bellevue, WA Metro Area","Bowling Green, KY Metro Area","MOVEDOUT",10,19,c(-121.881387433741, 47.5574033466574),c(-86.357015760847, 37.0712100341569),"G14540","2011-2015",14540,124600,"G14540","2016-2020","Bowling Green, KY Metro Area",161500,36900,"G14540",4043,2551,161,4149,559,2867,6397
"29","42660","14860","Seattle-Tacoma-Bellevue, WA Metro Area","Bridgeport-Stamford-Norwalk, CT Metro Area","MOVEDOUT",26,26,c(-121.881387433741, 47.5574033466574),c(-73.3712044616067, 41.2249601785075),"G14860","2011-2015",14860,416000,"G14860","2016-2020","Bridgeport-Stamford-Norwalk, CT Metro Area",433000,17000,"G14860",-101716,7439,1985,9057,-95,45113,78807
"30","42660","15180","Seattle-Tacoma-Bellevue, WA Metro Area","Brownsville-Harlingen, TX Metro Area","MOVEDOUT",93,114,c(-121.881387433741, 47.5574033466574),c(-97.4528596143179, 26.151501188623),"G15180","2011-2015",15180,79300,"G15180","2016-2020","Brownsville-Harlingen, TX Metro Area",89700,10400,"G15180",-190716,-79,1195,117,36,40228,164016
"31","42660","15500","Seattle-Tacoma-Bellevue, WA Metro Area","Burlington, NC Metro Area","MOVEDOUT",0,NA,c(-121.881387433741, 47.5574033466574),c(-79.399457049248, 36.0440521299717),"G15500","2011-2015",15500,138100,"G15500","2016-2020","Burlington, NC Metro Area",160900,22800,"G15500",-1667.78999999999,5605,405,1009,47,6141.07,8580.06
"32","42660","15540","Seattle-Tacoma-Bellevue, WA Metro Area","Burlington-South Burlington, VT Metro Area","MOVEDOUT",13,16,c(-121.881387433741, 47.5574033466574),c(-73.0307789173467, 44.6871978411335),"G15540","2011-2015",15540,253900,"G15540","2016-2020","Burlington-South Burlington, VT Metro Area",285200,31300,"G15540",-555.950000000012,1742,-51.85,2946.01,3,1139,9088.29
"33","42660","15940","Seattle-Tacoma-Bellevue, WA Metro Area","Canton-Massillon, OH Metro Area","MOVEDOUT",0,NA,c(-121.881387433741, 47.5574033466574),c(-81.2535061275313, 40.718647391361),"G15940","2011-2015",15940,122100,"G15940","2016-2020","Canton-Massillon, OH Metro Area",138300,16200,"G15940",-22734,564.16,187,431,38,2428,16233.44
"34","42660","15980","Seattle-Tacoma-Bellevue, WA Metro Area","Cape Coral-Fort Myers, FL Metro Area","MOVEDOUT",116,93,c(-121.881387433741, 47.5574033466574),c(-81.9154526187217, 26.5756896241698),"G15980","2011-2015",15980,157400,"G15980","2016-2020","Cape Coral-Fort Myers, FL Metro Area",235300,77900,"G15980",17142.88,7847,1635,4629,-68,26571.16,84313.45
"35","42660","16180","Seattle-Tacoma-Bellevue, WA Metro Area","Carson City, NV Metro Area","MOVEDOUT",95,108,c(-121.881387433741, 47.5574033466574),c(-119.747421344004, 39.1511466200944),"G16180","2011-2015",16180,186000,"G16180","2016-2020","Carson City, NV Metro Area",299900,113900,"G16180",-4955,88,153,235,34,1888,5922
"36","42660","16220","Seattle-Tacoma-Bellevue, WA Metro Area","Casper, WY Metro Area","MOVEDOUT",62,59,c(-121.881387433741, 47.5574033466574),c(-106.798493804153, 42.9622404457146),"G16220","2011-2015",16220,185600,"G16220","2016-2020","Casper, WY Metro Area",215400,29800,"G16220",-696,126,272,139,53,455,4156
"37","42660","16300","Seattle-Tacoma-Bellevue, WA Metro Area","Cedar Rapids, IA Metro Area","MOVEDOUT",236,282,c(-121.881387433741, 47.5574033466574),c(-91.6313350511134, 42.0914743689682),"G16300","2011-2015",16300,146000,"G16300","2016-2020","Cedar Rapids, IA Metro Area",159800,13800,"G16300",-3208.01999999999,8148,-23,1554,348,1701,10060
"38","42660","16580","Seattle-Tacoma-Bellevue, WA Metro Area","Champaign-Urbana, IL Metro Area","MOVEDOUT",93,95,c(-121.881387433741, 47.5574033466574),c(-88.294535719762, 40.2266891347847),"G16580","2011-2015",16580,143900,"G16580","2016-2020","Champaign-Urbana, IL Metro Area",163900,20000,"G16580",-20437.05,3745,228,6576,-55,3578,10545.99
"39","42660","16620","Seattle-Tacoma-Bellevue, WA Metro Area","Charleston, WV Metro Area","MOVEDOUT",0,NA,c(-121.881387433741, 47.5574033466574),c(-81.6486587798874, 38.2879072422601),"G16620","2011-2015",16620,98600,"G16620","2016-2020","Charleston, WV Metro Area",110100,11500,"G16620",-25590.86,-306,-11,342,-8,1087,8640.01
"40","42660","16820","Seattle-Tacoma-Bellevue, WA Metro Area","Charlottesville, VA Metro Area","MOVEDOUT",41,40,c(-121.881387433741, 47.5574033466574),c(-78.5930737968271, 37.9502386975848),"G16820","2011-2015",16820,261300,"G16820","2016-2020","Charlottesville, VA Metro Area",304700,43400,"G16820",2610.39999999999,-1323.79,109.64,5180.22,1.98999999999999,2882,10474.29
"41","42660","16860","Seattle-Tacoma-Bellevue, WA Metro Area","Chattanooga, TN-GA Metro Area","MOVEDOUT",115,96,c(-121.881387433741, 47.5574033466574),c(-85.3591287639862, 35.0519851091891),"G16860","2011-2015",16860,144700,"G16860","2016-2020","Chattanooga, TN-GA Metro Area",169600,24900,"G16860",1684.90999999997,-2881,794,2638,-74,6501,25842.07
"42","42660","16940","Seattle-Tacoma-Bellevue, WA Metro Area","Cheyenne, WY Metro Area","MOVEDOUT",72,118,c(-121.881387433741, 47.5574033466574),c(-104.689615596111, 41.3070652002949),"G16940","2011-2015",16940,190000,"G16940","2016-2020","Cheyenne, WY Metro Area",239900,49900,"G16940",-607,224,245,320,30,1060,7502
"43","42660","17020","Seattle-Tacoma-Bellevue, WA Metro Area","Chico, CA Metro Area","MOVEDOUT",124,94,c(-121.881387433741, 47.5574033466574),c(-121.600671748435, 39.6669293767962),"G17020","2011-2015",17020,221700,"G17020","2016-2020","Chico, CA Metro Area",304700,83000,"G17020",-30539,229,97,1476,121,6007,14241
"44","42660","17300","Seattle-Tacoma-Bellevue, WA Metro Area","Clarksville, TN-KY Metro Area","MOVEDOUT",347,243,c(-121.881387433741, 47.5574033466574),c(-87.623055785676, 36.69294910928),"G17300","2011-2015",17300,137500,"G17300","2016-2020","Clarksville, TN-KY Metro Area",165100,27600,"G17300",10207.99,11172,126,1774,279,4573,18454
"45","42660","17420","Seattle-Tacoma-Bellevue, WA Metro Area","Cleveland, TN Metro Area","MOVEDOUT",6,9,c(-121.881387433741, 47.5574033466574),c(-84.6673899441534, 35.1345576405014),"G17420","2011-2015",17420,141400,"G17420","2016-2020","Cleveland, TN Metro Area",161600,20200,"G17420",201.899999999994,1031,120,371,80,1564,7007.99
"46","42660","17660","Seattle-Tacoma-Bellevue, WA Metro Area","Coeur d'Alene, ID Metro Area","MOVEDOUT",487,170,c(-121.881387433741, 47.5574033466574),c(-116.700012719675, 47.6745558127339),"G17660","2011-2015",17660,185700,"G17660","2016-2020","Coeur d'Alene, ID Metro Area",294100,108400,"G17660",21632.57,106,144,459,87,1277,9202.19
"47","42660","17780","Seattle-Tacoma-Bellevue, WA Metro Area","College Station-Bryan, TX Metro Area","MOVEDOUT",42,48,c(-121.881387433741, 47.5574033466574),c(-96.4889183659587, 30.7565091470278),"G17780","2011-2015",17780,150000,"G17780","2016-2020","College Station-Bryan, TX Metro Area",201900,51900,"G17780",-4593.01000000001,2326.99,790,4727,131,8911,27295
"48","42660","17820","Seattle-Tacoma-Bellevue, WA Metro Area","Colorado Springs, CO Metro Area","MOVEDOUT",705,340,c(-121.881387433741, 47.5574033466574),c(-104.657933022342, 38.8425101043517),"G17820","2011-2015",17820,219300,"G17820","2016-2020","Colorado Springs, CO Metro Area",300400,81100,"G17820",20204.9300000001,5355,1542,5463,897,12674.6,63343.97
"49","42660","17860","Seattle-Tacoma-Bellevue, WA Metro Area","Columbia, MO Metro Area","MOVEDOUT",1,2,c(-121.881387433741, 47.5574033466574),c(-92.4666595084017, 39.0522894618438),"G17860","2011-2015",17860,169400,"G17860","2016-2020","Columbia, MO Metro Area",189900,20500,"G17860",4955,2999,-7,1677,31,2200,9120
"50","42660","17900","Seattle-Tacoma-Bellevue, WA Metro Area","Columbia, SC Metro Area","MOVEDOUT",546,364,c(-121.881387433741, 47.5574033466574),c(-81.0424371013997, 34.0917590069465),"G17900","2011-2015",17900,140600,"G17900","2016-2020","Columbia, SC Metro Area",159700,19100,"G17900",-1352.21999999997,13985.36,648,6021,64,7958.24,34531.96
"51","42660","17980","Seattle-Tacoma-Bellevue, WA Metro Area","Columbus, GA-AL Metro Area","MOVEDOUT",675,245,c(-121.881387433741, 47.5574033466574),c(-84.9087558609507, 32.4414364029334),"G17980","2011-2015",17980,135700,"G17980","2016-2020","Columbus, GA-AL Metro Area",146300,10600,"G17980",-7845.04000000001,12282.61,64,1864,197,2902,13513
"52","42660","18020","Seattle-Tacoma-Bellevue, WA Metro Area","Columbus, IN Metro Area","MOVEDOUT",71,119,c(-121.881387433741, 47.5574033466574),c(-85.8976045363205, 39.2059730264863),"G18020","2011-2015",18020,136000,"G18020","2016-2020","Columbus, IN Metro Area",163400,27400,"G18020",-3061,406,96,2758,1,1416,3798
"53","42660","18140","Seattle-Tacoma-Bellevue, WA Metro Area","Columbus, OH Metro Area","MOVEDOUT",632,284,c(-121.881387433741, 47.5574033466574),c(-82.9356696070645, 40.0410947352846),"G18140","2011-2015",18140,159100,"G18140","2016-2020","Columbus, OH Metro Area",195900,36800,"G18140",15457.1100000001,61052.11,1910,47825,-208,26390,86514.94
"54","42660","18580","Seattle-Tacoma-Bellevue, WA Metro Area","Corpus Christi, TX Metro Area","MOVEDOUT",148,166,c(-121.881387433741, 47.5574033466574),c(-97.4013046907459, 27.8928384251199),"G18580","2011-2015",18580,111500,"G18580","2016-2020","Corpus Christi, TX Metro Area",145100,33600,"G18580",-101695,757,1046,2799,150,13894,100627
"55","42660","18700","Seattle-Tacoma-Bellevue, WA Metro Area","Corvallis, OR Metro Area","MOVEDOUT",293,119,c(-121.881387433741, 47.5574033466574),c(-123.429309156834, 44.4917594724348),"G18700","2011-2015",18700,269700,"G18700","2016-2020","Corvallis, OR Metro Area",357900,88200,"G18700",105.240000000005,243,192,1999,79,1153.99,5832
"56","42660","18880","Seattle-Tacoma-Bellevue, WA Metro Area","Crestview-Fort Walton Beach-Destin, FL Metro Area","MOVEDOUT",277,203,c(-121.881387433741, 47.5574033466574),c(-86.5921750839689, 30.6650297450285),"G18880","2011-2015",18880,182800,"G18880","2016-2020","Crestview-Fort Walton Beach-Destin, FL Metro Area",236800,54000,"G18880",5279,2863,138,1474,135,4425,16532
"57","42660","19100","Seattle-Tacoma-Bellevue, WA Metro Area","Dallas-Fort Worth-Arlington, TX Metro Area","MOVEDOUT",2447,738,c(-121.881387433741, 47.5574033466574),c(-96.9312915512131, 32.8656661278306),"G19100","2011-2015",19100,156500,"G19100","2016-2020","Dallas-Fort Worth-Arlington, TX Metro Area",236200,79700,"G19100",-424527.49,259374.97,30669,265139,3195,251127,885865.86
"58","42660","19140","Seattle-Tacoma-Bellevue, WA Metro Area","Dalton, GA Metro Area","MOVEDOUT",0,NA,c(-121.881387433741, 47.5574033466574),c(-84.8481080974927, 34.7962814464837),"G19140","2011-2015",19140,111700,"G19140","2016-2020","Dalton, GA Metro Area",136800,25100,"G19140",-15448,-43,1819,115,-56,2486,11737
"59","42660","19180","Seattle-Tacoma-Bellevue, WA Metro Area","Danville, IL Metro Area","MOVEDOUT",50,77,c(-121.881387433741, 47.5574033466574),c(-87.7328349006841, 40.1834219701597),"G19180","2011-2015",19180,75800,"G19180","2016-2020","Danville, IL Metro Area",80900,5100,"G19180",-10040.91,-150,43,13,-7,455,2250.01
"60","42660","19340","Seattle-Tacoma-Bellevue, WA Metro Area","Davenport-Moline-Rock Island, IA-IL Metro Area","MOVEDOUT",12,19,c(-121.881387433741, 47.5574033466574),c(-90.4659222898112, 41.3968813883514),"G19340","2011-2015",19340,125700,"G19340","2016-2020","Davenport-Moline-Rock Island, IA-IL Metro Area",141600,15900,"G19340",-26274,6019,471,3187,-7,2462,18776
"61","42660","19500","Seattle-Tacoma-Bellevue, WA Metro Area","Decatur, IL Metro Area","MOVEDOUT",8,16,c(-121.881387433741, 47.5574033466574),c(-88.9615967669559, 39.8599951926585),"G19500","2011-2015",19500,94900,"G19500","2016-2020","Decatur, IL Metro Area",103100,8200,"G19500",-12051.17,1020,11,397,4,482,3362
"62","42660","19660","Seattle-Tacoma-Bellevue, WA Metro Area","Deltona-Daytona Beach-Ormond Beach, FL Metro Area","MOVEDOUT",176,191,c(-121.881387433741, 47.5574033466574),c(-81.1485721303596, 29.0634519577376),"G19660","2011-2015",19660,138900,"G19660","2016-2020","Deltona-Daytona Beach-Ormond Beach, FL Metro Area",203000,64100,"G19660",-8093,5998,307,3122,101,13043,44472
"63","42660","19780","Seattle-Tacoma-Bellevue, WA Metro Area","Des Moines-West Des Moines, IA Metro Area","MOVEDOUT",219,146,c(-121.881387433741, 47.5574033466574),c(-93.9404428220063, 41.5478355916972),"G19780","2011-2015",19780,160100,"G19780","2016-2020","Des Moines-West Des Moines, IA Metro Area",193100,33000,"G19780",34629.4399999999,11814,974,12805,82,8076,33644
"64","42660","20020","Seattle-Tacoma-Bellevue, WA Metro Area","Dothan, AL Metro Area","MOVEDOUT",11,16,c(-121.881387433741, 47.5574033466574),c(-85.4617247104864, 31.2528941099511),"G20020","2011-2015",20020,108700,"G20020","2016-2020","Dothan, AL Metro Area",131600,22900,"G20020",-2814,1240,1,503,15,982,5441
"65","42660","20220","Seattle-Tacoma-Bellevue, WA Metro Area","Dubuque, IA Metro Area","MOVEDOUT",0,NA,c(-121.881387433741, 47.5574033466574),c(-90.8824564626295, 42.4688320158442),"G20220","2011-2015",20220,149400,"G20220","2016-2020","Dubuque, IA Metro Area",175300,25900,"G20220",222,1640,83,150,541,560,2417
"66","42660","20260","Seattle-Tacoma-Bellevue, WA Metro Area","Duluth, MN-WI Metro Area","MOVEDOUT",41,46,c(-121.881387433741, 47.5574033466574),c(-92.3928273209844, 47.3184378777848),"G20260","2011-2015",20260,141000,"G20260","2016-2020","Duluth, MN-WI Metro Area",162700,21700,"G20260",-10834.3,1611,107.37,44,21,1041,8973.93
"67","42660","20500","Seattle-Tacoma-Bellevue, WA Metro Area","Durham-Chapel Hill, NC Metro Area","MOVEDOUT",317,263,c(-121.881387433741, 47.5574033466574),c(-79.0996550784563, 35.9908595142453),"G20500","2011-2015",20500,197600,"G20500","2016-2020","Durham-Chapel Hill, NC Metro Area",245100,47500,"G20500",19274.12,7728.07999999999,1369.01,9067.56,-14,15831.08,31176.29
"68","42660","20740","Seattle-Tacoma-Bellevue, WA Metro Area","Eau Claire, WI Metro Area","MOVEDOUT",56,50,c(-121.881387433741, 47.5574033466574),c(-91.2822168306455, 44.9387915959908),"G20740","2011-2015",20740,150600,"G20740","2016-2020","Eau Claire, WI Metro Area",180000,29400,"G20740",2676.53,474,107,1305,57,830,5388
"69","42660","20940","Seattle-Tacoma-Bellevue, WA Metro Area","El Centro, CA Metro Area","MOVEDOUT",25,39,c(-121.881387433741, 47.5574033466574),c(-115.365319730022, 33.0395059947015),"G20940","2011-2015",20940,151600,"G20940","2016-2020","El Centro, CA Metro Area",206700,55100,"G20940",-55016,-1411,1207,206,0,18115,42073
"70","42660","21140","Seattle-Tacoma-Bellevue, WA Metro Area","Elkhart-Goshen, IN Metro Area","MOVEDOUT",48,81,c(-121.881387433741, 47.5574033466574),c(-85.858755269227, 41.5973844916738),"G21140","2011-2015",21140,124000,"G21140","2016-2020","Elkhart-Goshen, IN Metro Area",149300,25300,"G21140",-12324,65,666,359,-3,7197,13528
"71","42660","21340","Seattle-Tacoma-Bellevue, WA Metro Area","El Paso, TX Metro Area","MOVEDOUT",342,207,c(-121.881387433741, 47.5574033466574),c(-106.234828732532, 31.7685507164602),"G21340","2011-2015",21340,113600,"G21340","2016-2020","El Paso, TX Metro Area",126200,12600,"G21340",-343252,4190,4330,3789,886,104504,290563
"72","42660","21500","Seattle-Tacoma-Bellevue, WA Metro Area","Erie, PA Metro Area","MOVEDOUT",29,26,c(-121.881387433741, 47.5574033466574),c(-80.0981063430658, 42.1174762411053),"G21500","2011-2015",21500,118200,"G21500","2016-2020","Erie, PA Metro Area",138500,20300,"G21500",-24838,429,-89,3303,-30,1418,10117
"73","42660","21780","Seattle-Tacoma-Bellevue, WA Metro Area","Evansville, IN-KY Metro Area","MOVEDOUT",30,33,c(-121.881387433741, 47.5574033466574),c(-87.5950482597958, 37.9795487676575),"G21780","2011-2015",21780,123400,"G21780","2016-2020","Evansville, IN-KY Metro Area",146000,22600,"G21780",-16223,1579,95,1250,579,1964,12157
"74","42660","21820","Seattle-Tacoma-Bellevue, WA Metro Area","Fairbanks, AK Metro Area","MOVEDOUT",45,55,c(-121.881387433741, 47.5574033466574),c(-146.562798691879, 64.8085186893039),"G21820","2011-2015",21820,218100,"G21820","2016-2020","Fairbanks, AK Metro Area",240300,22200,"G21820",-9207.89,-409,675.81,513,208,790.97,5498.99
"75","42660","22020","Seattle-Tacoma-Bellevue, WA Metro Area","Fargo, ND-MN Metro Area","MOVEDOUT",158,220,c(-121.881387433741, 47.5574033466574),c(-96.9655108572927, 46.9178157010302),"G22020","2011-2015",22020,167700,"G22020","2016-2020","Fargo, ND-MN Metro Area",225600,57900,"G22020",14766,11883,1131,2471,48,1537,9230
"76","42660","22180","Seattle-Tacoma-Bellevue, WA Metro Area","Fayetteville, NC Metro Area","MOVEDOUT",501,233,c(-121.881387433741, 47.5574033466574),c(-78.9803636528555, 35.0369338197994),"G22180","2011-2015",22180,131000,"G22180","2016-2020","Fayetteville, NC Metro Area",146800,15800,"G22180",-22415.48,11494.87,-20.8799999999992,2346.09,325,6867.76,21738.35
"77","42660","22380","Seattle-Tacoma-Bellevue, WA Metro Area","Flagstaff, AZ Metro Area","MOVEDOUT",113,69,c(-121.881387433741, 47.5574033466574),c(-111.770504874854, 35.8387298410829),"G22380","2011-2015",22380,219300,"G22380","2016-2020","Flagstaff, AZ Metro Area",299100,79800,"G22380",360.839999999997,331.86,-489.139999999999,827.14,98,665.11,8850.73
"78","42660","22420","Seattle-Tacoma-Bellevue, WA Metro Area","Flint, MI Metro Area","MOVEDOUT",45,46,c(-121.881387433741, 47.5574033466574),c(-83.7067110469089, 43.0217229131313),"G22420","2011-2015",22420,88500,"G22420","2016-2020","Flint, MI Metro Area",119500,31000,"G22420",-28138.03,-8213,-507,209,43,1764.97,15261.97
"79","42660","22500","Seattle-Tacoma-Bellevue, WA Metro Area","Florence, SC Metro Area","MOVEDOUT",0,NA,c(-121.881387433741, 47.5574033466574),c(-79.8084495577625, 34.1520189913295),"G22500","2011-2015",22500,109000,"G22500","2016-2020","Florence, SC Metro Area",125100,16100,"G22500",-9624.00999999999,-2369,-60,743,45,674,4989
"80","42660","22900","Seattle-Tacoma-Bellevue, WA Metro Area","Fort Smith, AR-OK Metro Area","MOVEDOUT",61,85,c(-121.881387433741, 47.5574033466574),c(-94.4634802302281, 35.2393827289611),"G22900","2011-2015",22900,103000,"G22900","2016-2020","Fort Smith, AR-OK Metro Area",119500,16500,"G22900",-28405.33,-131.040000000001,1969.02,854.02,-4,1638.98,17927.82
"81","42660","23060","Seattle-Tacoma-Bellevue, WA Metro Area","Fort Wayne, IN Metro Area","MOVEDOUT",11,17,c(-121.881387433741, 47.5574033466574),c(-85.2167747315693, 41.0053998865496),"G23060","2011-2015",23060,116000,"G23060","2016-2020","Fort Wayne, IN Metro Area",138200,22200,"G23060",-5531,3055,427,8674,-37,6340,18596
"82","42660","23420","Seattle-Tacoma-Bellevue, WA Metro Area","Fresno, CA Metro Area","MOVEDOUT",339,206,c(-121.881387433741, 47.5574033466574),c(-119.649321243709, 36.7581795068282),"G23420","2011-2015",23420,194600,"G23420","2016-2020","Fresno, CA Metro Area",271000,76400,"G23420",-140467,-816,6394,23971,260,67745,121117
"83","42660","23460","Seattle-Tacoma-Bellevue, WA Metro Area","Gadsden, AL Metro Area","MOVEDOUT",22,34,c(-121.881387433741, 47.5574033466574),c(-86.0347622049929, 34.0452541283326),"G23460","2011-2015",23460,100400,"G23460","2016-2020","Gadsden, AL Metro Area",124400,24000,"G23460",-5239,-650,291,255,-117,754,3712
"84","42660","23540","Seattle-Tacoma-Bellevue, WA Metro Area","Gainesville, FL Metro Area","MOVEDOUT",141,114,c(-121.881387433741, 47.5574033466574),c(-82.4765105761008, 29.6884615190268),"G23540","2011-2015",23540,159400,"G23540","2016-2020","Gainesville, FL Metro Area",181700,22300,"G23540",-2137,1778,66,4845,-28,5659,21874
"85","42660","23580","Seattle-Tacoma-Bellevue, WA Metro Area","Gainesville, GA Metro Area","MOVEDOUT",261,347,c(-121.881387433741, 47.5574033466574),c(-83.81968107976, 34.3168890166057),"G23580","2011-2015",23580,159700,"G23580","2016-2020","Gainesville, GA Metro Area",212700,53000,"G23580",-2440.53999999999,1383.17,928,1028,-60,4302.03,18328.27
"86","42660","24140","Seattle-Tacoma-Bellevue, WA Metro Area","Goldsboro, NC Metro Area","MOVEDOUT",66,98,c(-121.881387433741, 47.5574033466574),c(-78.0041479592364, 35.3637814163698),"G24140","2011-2015",24140,110400,"G24140","2016-2020","Goldsboro, NC Metro Area",125900,15500,"G24140",-9693,-2718,199,145,13,1963,4768
"87","42660","24220","Seattle-Tacoma-Bellevue, WA Metro Area","Grand Forks, ND-MN Metro Area","MOVEDOUT",97,53,c(-121.881387433741, 47.5574033466574),c(-96.8444066246141, 47.8359640794909),"G24220","2011-2015",24220,153600,"G24220","2016-2020","Grand Forks, ND-MN Metro Area",195500,41900,"G24220",-2568,2411,156,1142,21,571,4168
"88","42660","24300","Seattle-Tacoma-Bellevue, WA Metro Area","Grand Junction, CO Metro Area","MOVEDOUT",70,47,c(-121.881387433741, 47.5574033466574),c(-108.466450737248, 39.0182788935768),"G24300","2011-2015",24300,199000,"G24300","2016-2020","Grand Junction, CO Metro Area",245000,46000,"G24300",-3211,216,169,555,47,-57,11261
"89","42660","24500","Seattle-Tacoma-Bellevue, WA Metro Area","Great Falls, MT Metro Area","MOVEDOUT",77,63,c(-121.881387433741, 47.5574033466574),c(-111.347149656136, 47.308018208444),"G24500","2011-2015",24500,162100,"G24500","2016-2020","Great Falls, MT Metro Area",184400,22300,"G24500",-2318.49000000001,186,517,268,34,613,3788.01
"90","42660","24540","Seattle-Tacoma-Bellevue, WA Metro Area","Greeley, CO Metro Area","MOVEDOUT",95,94,c(-121.881387433741, 47.5574033466574),c(-104.392514145513, 40.5548497381483),"G24540","2011-2015",24540,210100,"G24540","2016-2020","Greeley, CO Metro Area",326100,116000,"G24540",22299.21,2072.03,1458.23,2846,149,9492.13,37865.19
"91","42660","24580","Seattle-Tacoma-Bellevue, WA Metro Area","Green Bay, WI Metro Area","MOVEDOUT",49,36,c(-121.881387433741, 47.5574033466574),c(-87.8250637264456, 44.6988090646894),"G24580","2011-2015",24580,156800,"G24580","2016-2020","Green Bay, WI Metro Area",176800,20000,"G24580",-2278,2923,921,1808,14,3021,15618
"92","42660","24660","Seattle-Tacoma-Bellevue, WA Metro Area","Greensboro-High Point, NC Metro Area","MOVEDOUT",119,107,c(-121.881387433741, 47.5574033466574),c(-79.7917392679558, 36.025952575879),"G24660","2011-2015",24660,140700,"G24660","2016-2020","Greensboro-High Point, NC Metro Area",155200,14500,"G24660",-30227.39,22654.99,884.19,10560.2,-17,14899.41,34038.69
"93","42660","24780","Seattle-Tacoma-Bellevue, WA Metro Area","Greenville, NC Metro Area","MOVEDOUT",0,NA,c(-121.881387433741, 47.5574033466574),c(-77.4616739354598, 35.5622864456225),"G24780","2011-2015",24780,135300,"G24780","2016-2020","Greenville, NC Metro Area",146700,11400,"G24780",-11140.92,2443.11,159.02,433,15,2732.15,6534.05
"94","42660","25180","Seattle-Tacoma-Bellevue, WA Metro Area","Hagerstown-Martinsburg, MD-WV Metro Area","MOVEDOUT",114,184,c(-121.881387433741, 47.5574033466574),c(-77.9813769379228, 39.549902454201),"G25180","2011-2015",25180,180100,"G25180","2016-2020","Hagerstown-Martinsburg, MD-WV Metro Area",203800,23700,"G25180",-2279,5505,257,1704,33,4491,14993
"95","42660","25260","Seattle-Tacoma-Bellevue, WA Metro Area","Hanford-Corcoran, CA Metro Area","MOVEDOUT",4,8,c(-121.881387433741, 47.5574033466574),c(-119.815502477026, 36.0753610051757),"G25260","2011-2015",25260,169500,"G25260","2016-2020","Hanford-Corcoran, CA Metro Area",227400,57900,"G25260",-21801,-1991,1109,303,141,5004.93,16738
"96","42660","25420","Seattle-Tacoma-Bellevue, WA Metro Area","Harrisburg-Carlisle, PA Metro Area","MOVEDOUT",210,169,c(-121.881387433741, 47.5574033466574),c(-77.1012011078832, 40.3266721697524),"G25420","2011-2015",25420,170700,"G25420","2016-2020","Harrisburg-Carlisle, PA Metro Area",190700,20000,"G25420",-14505,6042,349,15518,77,10337,24470
"97","42660","25500","Seattle-Tacoma-Bellevue, WA Metro Area","Harrisonburg, VA Metro Area","MOVEDOUT",163,152,c(-121.881387433741, 47.5574033466574),c(-78.875712942824, 38.510612376134),"G25500","2011-2015",25500,197900,"G25500","2016-2020","Harrisonburg, VA Metro Area",218400,20500,"G25500",-3108.75999999999,1718.8,252,865.95,-23,3245.99,7390.76
"98","42660","25860","Seattle-Tacoma-Bellevue, WA Metro Area","Hickory-Lenoir-Morganton, NC Metro Area","MOVEDOUT",123,152,c(-121.881387433741, 47.5574033466574),c(-81.4546194361286, 35.813176483837),"G25860","2011-2015",25860,121000,"G25860","2016-2020","Hickory-Lenoir-Morganton, NC Metro Area",139100,18100,"G25860",-22681.41,-1692.89,1667,1781,-211,4769.17,15656.11
"99","42660","26300","Seattle-Tacoma-Bellevue, WA Metro Area","Hot Springs, AR Metro Area","MOVEDOUT",11,21,c(-121.881387433741, 47.5574033466574),c(-93.1504253642834, 34.576686498492),"G26300","2011-2015",26300,130700,"G26300","2016-2020","Hot Springs, AR Metro Area",142100,11400,"G26300",-4143.42,504.53,215,277,26,1467.37,5782.93
"100","42660","26580","Seattle-Tacoma-Bellevue, WA Metro Area","Huntington-Ashland, WV-KY-OH Metro Area","MOVEDOUT",27,33,c(-121.881387433741, 47.5574033466574),c(-82.5482150751364, 38.406978054457),"G26580","2011-2015",26580,105900,"G26580","2016-2020","Huntington-Ashland, WV-KY-OH Metro Area",123900,18000,"G26580",-20117,-170,-63,495,6,815,7127
"101","42660","26620","Seattle-Tacoma-Bellevue, WA Metro Area","Huntsville, AL Metro Area","MOVEDOUT",152,104,c(-121.881387433741, 47.5574033466574),c(-86.7346421543192, 34.7831889247537),"G26620","2011-2015",26620,162800,"G26620","2016-2020","Huntsville, AL Metro Area",186100,23300,"G26620",24788,14568,588,2972,150,4713,26351
"102","42660","26820","Seattle-Tacoma-Bellevue, WA Metro Area","Idaho Falls, ID Metro Area","MOVEDOUT",91,61,c(-121.881387433741, 47.5574033466574),c(-111.872168008676, 43.5474694052986),"G26820","2011-2015",26820,154800,"G26820","2016-2020","Idaho Falls, ID Metro Area",204800,50000,"G26820",12572.99,75,472,588,79,2774,7920
"103","42660","26980","Seattle-Tacoma-Bellevue, WA Metro Area","Iowa City, IA Metro Area","MOVEDOUT",10,18,c(-121.881387433741, 47.5574033466574),c(-91.6499723661245, 41.511347030948),"G26980","2011-2015",26980,182700,"G26980","2016-2020","Iowa City, IA Metro Area",228600,45900,"G26980",4585,6584,49,1824,-18,2285,7524
"104","42660","27060","Seattle-Tacoma-Bellevue, WA Metro Area","Ithaca, NY Metro Area","MOVEDOUT",48,43,c(-121.881387433741, 47.5574033466574),c(-76.473658618432, 42.452016268283),"G27060","2011-2015",27060,176500,"G27060","2016-2020","Ithaca, NY Metro Area",218700,42200,"G27060",-5284,577,-7,1795,2,1680,5413
"105","42660","27100","Seattle-Tacoma-Bellevue, WA Metro Area","Jackson, MI Metro Area","MOVEDOUT",13,13,c(-121.881387433741, 47.5574033466574),c(-84.423437536625, 42.2484866433794),"G27100","2011-2015",27100,111500,"G27100","2016-2020","Jackson, MI Metro Area",138900,27400,"G27100",-7250,-107,64,356,-3,662,6396
"106","42660","27140","Seattle-Tacoma-Bellevue, WA Metro Area","Jackson, MS Metro Area","MOVEDOUT",19,25,c(-121.881387433741, 47.5574033466574),c(-90.1769038061522, 32.2022355334667),"G27140","2011-2015",27140,133300,"G27140","2016-2020","Jackson, MS Metro Area",148300,15000,"G27140",-3815,-4516,228,2193,-24,3045,12067
"107","42660","27180","Seattle-Tacoma-Bellevue, WA Metro Area","Jackson, TN Metro Area","MOVEDOUT",10,17,c(-121.881387433741, 47.5574033466574),c(-88.7624027625924, 35.5451310023919),"G27180","2011-2015",27180,112900,"G27180","2016-2020","Jackson, TN Metro Area",123300,10400,"G27180",-4384,297,102,328,-14,811,3599
"108","42660","27260","Seattle-Tacoma-Bellevue, WA Metro Area","Jacksonville, FL Metro Area","MOVEDOUT",372,179,c(-121.881387433741, 47.5574033466574),c(-81.7574985628501, 30.234072647672),"G27260","2011-2015",27260,158100,"G27260","2016-2020","Jacksonville, FL Metro Area",220000,61900,"G27260",49289,48325,584,21019,487,34148,106400
"109","42660","27340","Seattle-Tacoma-Bellevue, WA Metro Area","Jacksonville, NC Metro Area","MOVEDOUT",42,42,c(-121.881387433741, 47.5574033466574),c(-77.4159487813409, 34.709432092728),"G27340","2011-2015",27340,154000,"G27340","2016-2020","Jacksonville, NC Metro Area",162400,8400,"G27340",5459.98999999999,358,222,1373,337,4513,14509.99
"110","42660","27620","Seattle-Tacoma-Bellevue, WA Metro Area","Jefferson City, MO Metro Area","MOVEDOUT",0,NA,c(-121.881387433741, 47.5574033466574),c(-92.0916925916174, 38.6398127893249),"G27620","2011-2015",27620,138400,"G27620","2016-2020","Jefferson City, MO Metro Area",162100,23700,"G27620",-5426,-750,-29,-28,46,601,6088
"111","42660","27900","Seattle-Tacoma-Bellevue, WA Metro Area","Joplin, MO Metro Area","MOVEDOUT",0,NA,c(-121.881387433741, 47.5574033466574),c(-94.339938992699, 37.0565419128931),"G27900","2011-2015",27900,108000,"G27900","2016-2020","Joplin, MO Metro Area",126200,18200,"G27900",-8540,169,624,369,461,2617,10207
"112","42660","28020","Seattle-Tacoma-Bellevue, WA Metro Area","Kalamazoo-Portage, MI Metro Area","MOVEDOUT",4,6,c(-121.881387433741, 47.5574033466574),c(-86.0371757666266, 42.2713355221257),"G28020","2011-2015",28020,133000,"G28020","2016-2020","Kalamazoo-Portage, MI Metro Area",168500,35500,"G28020",-12418.31,2414,366,1903,11,2982,15410
"113","42660","28140","Seattle-Tacoma-Bellevue, WA Metro Area","Kansas City, MO-KS Metro Area","MOVEDOUT",695,368,c(-121.881387433741, 47.5574033466574),c(-94.505195745316, 38.9102602137401),"G28140","2011-2015",28140,159500,"G28140","2016-2020","Kansas City, MO-KS Metro Area",196000,36500,"G28140",-19460.01,8016,2651,21186,1421,25431,143452
"114","42660","28740","Seattle-Tacoma-Bellevue, WA Metro Area","Kingston, NY Metro Area","MOVEDOUT",41,64,c(-121.881387433741, 47.5574033466574),c(-74.2585694771285, 41.8881456560833),"G28740","2011-2015",28740,222800,"G28740","2016-2020","Kingston, NY Metro Area",239400,16600,"G28740",-16456,81,232,754,29,3848,10870
"115","42660","28940","Seattle-Tacoma-Bellevue, WA Metro Area","Knoxville, TN Metro Area","MOVEDOUT",102,81,c(-121.881387433741, 47.5574033466574),c(-84.0153072108501, 35.9311506362029),"G28940","2011-2015",28940,150800,"G28940","2016-2020","Knoxville, TN Metro Area",180700,29900,"G28940",13994,2686,997,4658,-50,10069,35678
"116","42660","29180","Seattle-Tacoma-Bellevue, WA Metro Area","Lafayette, LA Metro Area","MOVEDOUT",39,57,c(-121.881387433741, 47.5574033466574),c(-91.8307032632812, 30.2215791372737),"G29180","2011-2015",29180,132300,"G29180","2016-2020","Lafayette, LA Metro Area",162600,30300,"G29180",-1401.66,3072.7,195,1981.01,-5,3936.03,11998.73
"117","42660","29420","Seattle-Tacoma-Bellevue, WA Metro Area","Lake Havasu City-Kingman, AZ Metro Area","MOVEDOUT",293,171,c(-121.881387433741, 47.5574033466574),c(-113.757910292757, 35.7040449093169),"G29420","2011-2015",29420,123200,"G29420","2016-2020","Lake Havasu City-Kingman, AZ Metro Area",172100,48900,"G29420",-4146,339,685,631,68,687,14817
"118","42660","29460","Seattle-Tacoma-Bellevue, WA Metro Area","Lakeland-Winter Haven, FL Metro Area","MOVEDOUT",33,41,c(-121.881387433741, 47.5574033466574),c(-81.6976676309539, 27.9488750929478),"G29460","2011-2015",29460,107300,"G29460","2016-2020","Lakeland-Winter Haven, FL Metro Area",162400,55100,"G29460",-13820,16700,1178,3754,103,36000,79036
"119","42660","29540","Seattle-Tacoma-Bellevue, WA Metro Area","Lancaster, PA Metro Area","MOVEDOUT",204,176,c(-121.881387433741, 47.5574033466574),c(-76.2477047396748, 40.0424385718765),"G29540","2011-2015",29540,189200,"G29540","2016-2020","Lancaster, PA Metro Area",218700,29500,"G29540",-7525,3359,127,4287,5,8548,24738
"120","42660","29620","Seattle-Tacoma-Bellevue, WA Metro Area","Lansing-East Lansing, MI Metro Area","MOVEDOUT",52,48,c(-121.881387433741, 47.5574033466574),c(-84.606974109277, 42.7133002928004),"G29620","2011-2015",29620,130100,"G29620","2016-2020","Lansing-East Lansing, MI Metro Area",153300,23200,"G29620",-21444.02,3576,-46,3354,20,2703,21004
"121","42660","29700","Seattle-Tacoma-Bellevue, WA Metro Area","Laredo, TX Metro Area","MOVEDOUT",0,NA,c(-121.881387433741, 47.5574033466574),c(-99.3315652897439, 27.7610624253427),"G29700","2011-2015",29700,109500,"G29700","2016-2020","Laredo, TX Metro Area",135000,25500,"G29700",-117478,34,645,-59,23,29901,103744
"122","42660","29740","Seattle-Tacoma-Bellevue, WA Metro Area","Las Cruces, NM Metro Area","MOVEDOUT",0,NA,c(-121.881387433741, 47.5574033466574),c(-106.832800432765, 32.3526796706703),"G29740","2011-2015",29740,138100,"G29740","2016-2020","Las Cruces, NM Metro Area",153600,15500,"G29740",-50780,416,942,473,10,5514,53753
"123","42660","29940","Seattle-Tacoma-Bellevue, WA Metro Area","Lawrence, KS Metro Area","MOVEDOUT",28,45,c(-121.881387433741, 47.5574033466574),c(-95.2926062526686, 38.8846596030833),"G29940","2011-2015",29940,179800,"G29940","2016-2020","Lawrence, KS Metro Area",212400,32600,"G29940",-973,944,-1,539,21,1080,6349
"124","42660","30020","Seattle-Tacoma-Bellevue, WA Metro Area","Lawton, OK Metro Area","MOVEDOUT",115,99,c(-121.881387433741, 47.5574033466574),c(-98.4716610542788, 34.6621012916238),"G30020","2011-2015",30020,113400,"G30020","2016-2020","Lawton, OK Metro Area",121500,8100,"G30020",-10695,-1867,-29,364,191,1551,7512
"125","42660","30140","Seattle-Tacoma-Bellevue, WA Metro Area","Lebanon, PA Metro Area","MOVEDOUT",22,35,c(-121.881387433741, 47.5574033466574),c(-76.4577120164042, 40.3672317378285),"G30140","2011-2015",30140,163800,"G30140","2016-2020","Lebanon, PA Metro Area",176000,12200,"G30140",-3156,348,20,701,46,4280,7450
"126","42660","30300","Seattle-Tacoma-Bellevue, WA Metro Area","Lewiston, ID-WA Metro Area","MOVEDOUT",154,103,c(-121.881387433741, 47.5574033466574),c(-116.943764960031, 46.2691058815811),"G30300","2011-2015",30300,169000,"G30300","2016-2020","Lewiston, ID-WA Metro Area",207200,38200,"G30300",175.760000000002,100,236,144,-6,287,2545.7
"127","42660","30340","Seattle-Tacoma-Bellevue, WA Metro Area","Lewiston-Auburn, ME Metro Area","MOVEDOUT",13,21,c(-121.881387433741, 47.5574033466574),c(-70.2064449960266, 44.1658484293433),"G30340","2011-2015",30340,151100,"G30340","2016-2020","Lewiston-Auburn, ME Metro Area",166600,15500,"G30340",-3314,2600,11,128,26,373,3613
"128","42660","30460","Seattle-Tacoma-Bellevue, WA Metro Area","Lexington-Fayette, KY Metro Area","MOVEDOUT",18,27,c(-121.881387433741, 47.5574033466574),c(-84.4330599026738, 38.0905122150868),"G30460","2011-2015",30460,164800,"G30460","2016-2020","Lexington-Fayette, KY Metro Area",193700,28900,"G30460",2618,6173,553,4361,42,7516,23449
"129","42660","30700","Seattle-Tacoma-Bellevue, WA Metro Area","Lincoln, NE Metro Area","MOVEDOUT",54,51,c(-121.881387433741, 47.5574033466574),c(-96.870816211429, 40.8199193211291),"G30700","2011-2015",30700,152600,"G30700","2016-2020","Lincoln, NE Metro Area",188700,36100,"G30700",10074,3884,528,4110,60,3832,15572
"130","42660","30780","Seattle-Tacoma-Bellevue, WA Metro Area","Little Rock-North Little Rock-Conway, AR Metro Area","MOVEDOUT",128,134,c(-121.881387433741, 47.5574033466574),c(-92.3971662002715, 34.7572198345317),"G30780","2011-2015",30780,139000,"G30780","2016-2020","Little Rock-North Little Rock-Conway, AR Metro Area",157900,18900,"G30780",-21912.08,18216.12,1016.06,3489.09,48,11188.59,36230.73
"131","42660","30860","Seattle-Tacoma-Bellevue, WA Metro Area","Logan, UT-ID Metro Area","MOVEDOUT",270,231,c(-121.881387433741, 47.5574033466574),c(-111.768964276847, 41.8896476450444),"G30860","2011-2015",30860,188400,"G30860","2016-2020","Logan, UT-ID Metro Area",252800,64400,"G30860",13363.07,416,468,246,269,775,6450
"132","42660","30980","Seattle-Tacoma-Bellevue, WA Metro Area","Longview, TX Metro Area","MOVEDOUT",34,29,c(-121.881387433741, 47.5574033466574),c(-94.8294359135371, 32.3716586065097),"G30980","2011-2015",30980,111900,"G30980","2016-2020","Longview, TX Metro Area",141700,29800,"G30980",-14760,-695,282,340,14,3118,14677
"133","42660","31020","Seattle-Tacoma-Bellevue, WA Metro Area","Longview, WA Metro Area","MOVEDOUT",226,130,c(-121.881387433741, 47.5574033466574),c(-122.680784512135, 46.1932916960878),"G31020","2011-2015",31020,175300,"G31020","2016-2020","Longview, WA Metro Area",245500,70200,"G31020",-255.160000000003,178,150,272,436,1169,6372.43
"134","42660","31140","Seattle-Tacoma-Bellevue, WA Metro Area","Louisville/Jefferson County, KY-IN Metro Area","MOVEDOUT",119,80,c(-121.881387433741, 47.5574033466574),c(-85.6888198026424, 38.2389658981225),"G31140","2011-2015",31140,148900,"G31140","2016-2020","Louisville/Jefferson County, KY-IN Metro Area",177400,28500,"G31140",-26726.45,16773,1318,12269,258,17595,65605.32
"135","42660","31180","Seattle-Tacoma-Bellevue, WA Metro Area","Lubbock, TX Metro Area","MOVEDOUT",39,61,c(-121.881387433741, 47.5574033466574),c(-101.560102028931, 33.612416556001),"G31180","2011-2015",31180,110100,"G31180","2016-2020","Lubbock, TX Metro Area",146400,36300,"G31180",-25329,6269,1173,3954,57,7651,37107
"136","42660","31340","Seattle-Tacoma-Bellevue, WA Metro Area","Lynchburg, VA Metro Area","MOVEDOUT",51,46,c(-121.881387433741, 47.5574033466574),c(-79.2197124966535, 37.3650125099512),"G31340","2011-2015",31340,162900,"G31340","2016-2020","Lynchburg, VA Metro Area",173900,11000,"G31340",-1641,-1756,44,217,48,2763,9284
"137","42660","31540","Seattle-Tacoma-Bellevue, WA Metro Area","Madison, WI Metro Area","MOVEDOUT",335,175,c(-121.881387433741, 47.5574033466574),c(-89.5901851448952, 43.1630403874619),"G31540","2011-2015",31540,219200,"G31540","2016-2020","Madison, WI Metro Area",260600,41400,"G31540",20302.35,5341,713,12854,64,6539.02,29303.24
"138","42660","31700","Seattle-Tacoma-Bellevue, WA Metro Area","Manchester-Nashua, NH Metro Area","MOVEDOUT",14,24,c(-121.881387433741, 47.5574033466574),c(-71.7160088181932, 42.9153058011702),"G31700","2011-2015",31700,245700,"G31700","2016-2020","Manchester-Nashua, NH Metro Area",287900,42200,"G31700",-11877.04,2639,60,3570.82,1,6579.82,21252.46
"139","42660","31740","Seattle-Tacoma-Bellevue, WA Metro Area","Manhattan, KS Metro Area","MOVEDOUT",23,35,c(-121.881387433741, 47.5574033466574),c(-96.5593545182787, 39.2714367203824),"G31740","2011-2015",31740,173800,"G31740","2016-2020","Manhattan, KS Metro Area",180500,6700,"G31740",-3111,524,-25,576,290,1490,7221
"140","42660","31900","Seattle-Tacoma-Bellevue, WA Metro Area","Mansfield, OH Metro Area","MOVEDOUT",0,NA,c(-121.881387433741, 47.5574033466574),c(-82.5364840032739, 40.7746842829183),"G31900","2011-2015",31900,102500,"G31900","2016-2020","Mansfield, OH Metro Area",115100,12600,"G31900",-3731,-397,6,-15,21,585,3992
"141","42660","32580","Seattle-Tacoma-Bellevue, WA Metro Area","McAllen-Edinburg-Mission, TX Metro Area","MOVEDOUT",0,NA,c(-121.881387433741, 47.5574033466574),c(-98.1810705058907, 26.3967205885689),"G32580","2011-2015",32580,79200,"G32580","2016-2020","McAllen-Edinburg-Mission, TX Metro Area",90000,10800,"G32580",-381095,179,3566,1570,81,128845,342866
"142","42660","32780","Seattle-Tacoma-Bellevue, WA Metro Area","Medford, OR Metro Area","MOVEDOUT",305,319,c(-121.881387433741, 47.5574033466574),c(-122.728430834089, 42.4321485782614),"G32780","2011-2015",32780,218100,"G32780","2016-2020","Medford, OR Metro Area",294500,76400,"G32780",-1979.01999999999,362,395,1023,272,2539,17441
"143","42660","32820","Seattle-Tacoma-Bellevue, WA Metro Area","Memphis, TN-MS-AR Metro Area","MOVEDOUT",194,169,c(-121.881387433741, 47.5574033466574),c(-89.8696112448334, 35.0241855005169),"G32820","2011-2015",32820,133300,"G32820","2016-2020","Memphis, TN-MS-AR Metro Area",161300,28000,"G32820",-65503.6899999999,11061,1144,7880,-28,21236,45889.99
"144","42660","32900","Seattle-Tacoma-Bellevue, WA Metro Area","Merced, CA Metro Area","MOVEDOUT",81,168,c(-121.881387433741, 47.5574033466574),c(-120.717668624233, 37.1918569455357),"G32900","2011-2015",32900,161200,"G32900","2016-2020","Merced, CA Metro Area",268800,107600,"G32900",-43847,-768,4045,1879,224,26450,37426
"145","42660","33140","Seattle-Tacoma-Bellevue, WA Metro Area","Michigan City-La Porte, IN Metro Area","MOVEDOUT",20,20,c(-121.881387433741, 47.5574033466574),c(-86.7423662579725, 41.5490215590779),"G33140","2011-2015",33140,123300,"G33140","2016-2020","Michigan City-La Porte, IN Metro Area",139900,16600,"G33140",-5681,89,125,171,4,1195,5047
"146","42660","33260","Seattle-Tacoma-Bellevue, WA Metro Area","Midland, TX Metro Area","MOVEDOUT",0,NA,c(-121.881387433741, 47.5574033466574),c(-102.031623535317, 31.8691687115767),"G33260","2011-2015",33260,164800,"G33260","2016-2020","Midland, TX Metro Area",231100,66300,"G33260",-6898,1962,537,2268,137,5971,29134
"147","42660","33460","Seattle-Tacoma-Bellevue, WA Metro Area","Minneapolis-St. Paul-Bloomington, MN-WI Metro Area","MOVEDOUT",1794,593,c(-121.881387433741, 47.5574033466574),c(-93.2033708005296, 45.0665145611647),"G33460","2011-2015",33460,213900,"G33460","2016-2020","Minneapolis-St. Paul-Bloomington, MN-WI Metro Area",271600,57700,"G33460",-13459.0600000001,93891,3834,77293,-44,44287,149493
"148","42660","33540","Seattle-Tacoma-Bellevue, WA Metro Area","Missoula, MT Metro Area","MOVEDOUT",610,384,c(-121.881387433741, 47.5574033466574),c(-113.923709094279, 47.0364887119777),"G33540","2011-2015",33540,239700,"G33540","2016-2020","Missoula, MT Metro Area",302200,62500,"G33540",221.639999999999,307,427,220,20,2151,5278.01
"149","42660","33660","Seattle-Tacoma-Bellevue, WA Metro Area","Mobile, AL Metro Area","MOVEDOUT",99,127,c(-121.881387433741, 47.5574033466574),c(-88.1975295763405, 30.6851469105803),"G33660","2011-2015",33660,122400,"G33660","2016-2020","Mobile, AL Metro Area",137200,14800,"G33660",-19097,3262,376,1024,30,2113,14109
"150","42660","33700","Seattle-Tacoma-Bellevue, WA Metro Area","Modesto, CA Metro Area","MOVEDOUT",17,31,c(-121.881387433741, 47.5574033466574),c(-120.997741565743, 37.559165406261),"G33700","2011-2015",33700,190800,"G33700","2016-2020","Modesto, CA Metro Area",314100,123300,"G33700",-80738.75,1192.02,4641,8688,868,46919.31,56857.22
"151","42660","33860","Seattle-Tacoma-Bellevue, WA Metro Area","Montgomery, AL Metro Area","MOVEDOUT",12,32,c(-121.881387433741, 47.5574033466574),c(-86.4032432127574, 32.3606124908881),"G33860","2011-2015",33860,129300,"G33860","2016-2020","Montgomery, AL Metro Area",144800,15500,"G33860",-13634,7985,235,3738,-48,2396,10839
"152","42660","34580","Seattle-Tacoma-Bellevue, WA Metro Area","Mount Vernon-Anacortes, WA Metro Area","MOVEDOUT",2509,375,c(-121.881387433741, 47.5574033466574),c(-121.802269824328, 48.4821504052732),"G34580","2011-2015",34580,249800,"G34580","2016-2020","Mount Vernon-Anacortes, WA Metro Area",341600,91800,"G34580",-907.979999999996,114,362,752,192,2120,9991
"153","42660","34900","Seattle-Tacoma-Bellevue, WA Metro Area","Napa, CA Metro Area","MOVEDOUT",58,55,c(-121.881387433741, 47.5574033466574),c(-122.330533195643, 38.5064736573128),"G34900","2011-2015",34900,466800,"G34900","2016-2020","Napa, CA Metro Area",666900,200100,"G34900",-21346.06,-204.31,891.49,1559.77,-22.57,5599.99,15169.32
"154","42660","34980","Seattle-Tacoma-Bellevue, WA Metro Area","Nashville-Davidson--Murfreesboro--Franklin, TN Metro Area","MOVEDOUT",1444,661,c(-121.881387433741, 47.5574033466574),c(-86.6870181294454, 36.1392032299833),"G34980","2011-2015",34980,174700,"G34980","2016-2020","Nashville-Davidson--Murfreesboro--Franklin, TN Metro Area",262900,88200,"G34980",115627,32112,3474,24353,107,46944,100919
"155","42660","35300","Seattle-Tacoma-Bellevue, WA Metro Area","New Haven-Milford, CT Metro Area","MOVEDOUT",124,88,c(-121.881387433741, 47.5574033466574),c(-72.8998602354979, 41.3488204704997),"G35300","2011-2015",35300,245200,"G35300","2016-2020","New Haven-Milford, CT Metro Area",252300,7100,"G35300",-100913,9083,1561,7257,136,25679,59555
"156","42660","35980","Seattle-Tacoma-Bellevue, WA Metro Area","Norwich-New London, CT Metro Area","MOVEDOUT",17,25,c(-121.881387433741, 47.5574033466574),c(-72.1064883783962, 41.4667226297028),"G35980","2011-2015",35980,244000,"G35980","2016-2020","Norwich-New London, CT Metro Area",246800,2800,"G35980",-23668.98,1,-17,-569.129999999999,75,4488,14186.88
"157","42660","36140","Seattle-Tacoma-Bellevue, WA Metro Area","Ocean City, NJ Metro Area","MOVEDOUT",7,11,c(-121.881387433741, 47.5574033466574),c(-74.8499819876546, 39.0851270536359),"G36140","2011-2015",36140,299700,"G36140","2016-2020","Ocean City, NJ Metro Area",306200,6500,"G36140",-5833,-998,48,74,-8,897,3818
"158","42660","36260","Seattle-Tacoma-Bellevue, WA Metro Area","Ogden-Clearfield, UT Metro Area","MOVEDOUT",575,288,c(-121.881387433741, 47.5574033466574),c(-111.869981307697, 41.1191861867074),"G36260","2011-2015",36260,199300,"G36260","2016-2020","Ogden-Clearfield, UT Metro Area",284500,85200,"G36260",37148.49,1147.05,1937.11,2691,1942,8299.05,36849
"159","42660","36420","Seattle-Tacoma-Bellevue, WA Metro Area","Oklahoma City, OK Metro Area","MOVEDOUT",245,117,c(-121.881387433741, 47.5574033466574),c(-97.5038814490705, 35.4298678749503),"G36420","2011-2015",36420,137200,"G36420","2016-2020","Oklahoma City, OK Metro Area",162600,25400,"G36420",-9055.96999999997,15897.04,5954.21,11444.05,699,32578,115190.86
"160","42660","36540","Seattle-Tacoma-Bellevue, WA Metro Area","Omaha-Council Bluffs, NE-IA Metro Area","MOVEDOUT",157,142,c(-121.881387433741, 47.5574033466574),c(-95.9991244392359, 41.2900842069545),"G36540","2011-2015",36540,148200,"G36540","2016-2020","Omaha-Council Bluffs, NE-IA Metro Area",181200,33000,"G36540",10664,6407,2549,15801,229,11316,55288
"161","42660","36740","Seattle-Tacoma-Bellevue, WA Metro Area","Orlando-Kissimmee-Sanford, FL Metro Area","MOVEDOUT",1027,423,c(-121.881387433741, 47.5574033466574),c(-81.3630504913141, 28.4343585875859),"G36740","2011-2015",36740,157900,"G36740","2016-2020","Orlando-Kissimmee-Sanford, FL Metro Area",242100,84200,"G36740",-147166,66035,2987,39480,390,172997,404242
"162","42660","36780","Seattle-Tacoma-Bellevue, WA Metro Area","Oshkosh-Neenah, WI Metro Area","MOVEDOUT",31,44,c(-121.881387433741, 47.5574033466574),c(-88.6446589221891, 44.0688770598831),"G36780","2011-2015",36780,143100,"G36780","2016-2020","Oshkosh-Neenah, WI Metro Area",158400,15300,"G36780",-6404,2124,89,1779,-5,942,6211
"163","42660","37100","Seattle-Tacoma-Bellevue, WA Metro Area","Oxnard-Thousand Oaks-Ventura, CA Metro Area","MOVEDOUT",273,151,c(-121.881387433741, 47.5574033466574),c(-119.090385572075, 34.4464885543547),"G37100","2011-2015",37100,458100,"G37100","2016-2020","Oxnard-Thousand Oaks-Ventura, CA Metro Area",609200,151100,"G37100",-137129.25,166.92,6504.98,9476.87,80,33182.82,108238.79
"164","42660","37340","Seattle-Tacoma-Bellevue, WA Metro Area","Palm Bay-Melbourne-Titusville, FL Metro Area","MOVEDOUT",117,105,c(-121.881387433741, 47.5574033466574),c(-80.7012055192101, 28.3003141522496),"G37340","2011-2015",37340,142200,"G37340","2016-2020","Palm Bay-Melbourne-Titusville, FL Metro Area",220000,77800,"G37340",-2747,3893,175,4564,30,10873,46448
"165","42660","37860","Seattle-Tacoma-Bellevue, WA Metro Area","Pensacola-Ferry Pass-Brent, FL Metro Area","MOVEDOUT",131,82,c(-121.881387433741, 47.5574033466574),c(-87.156271986453, 30.659396235232),"G37860","2011-2015",37860,135400,"G37860","2016-2020","Pensacola-Ferry Pass-Brent, FL Metro Area",176600,41200,"G37860",20202,3526,-265,3034,182,5911,28324
"166","42660","37900","Seattle-Tacoma-Bellevue, WA Metro Area","Peoria, IL Metro Area","MOVEDOUT",86,117,c(-121.881387433741, 47.5574033466574),c(-89.5159190963433, 40.7891574838122),"G37900","2011-2015",37900,131300,"G37900","2016-2020","Peoria, IL Metro Area",133600,2300,"G37900",-28895,1419,-9,2020,29,2439,12589
"167","42660","37980","Seattle-Tacoma-Bellevue, WA Metro Area","Philadelphia-Camden-Wilmington, PA-NJ-DE-MD Metro Area","MOVEDOUT",952,389,c(-121.881387433741, 47.5574033466574),c(-75.311787898265, 39.8958339432863),"G37980","2011-2015",37980,236600,"G37980","2016-2020","Philadelphia-Camden-Wilmington, PA-NJ-DE-MD Metro Area",259500,22900,"G37980",-275268.58,31339.6799999999,2645.99,118235.74,179,118748.53,283821.21
"168","42660","38300","Seattle-Tacoma-Bellevue, WA Metro Area","Pittsburgh, PA Metro Area","MOVEDOUT",322,144,c(-121.881387433741, 47.5574033466574),c(-79.8309606592053, 40.4390151897588),"G38300","2011-2015",38300,132500,"G38300","2016-2020","Pittsburgh, PA Metro Area",159800,27300,"G38300",-107814.37,2712.37,476.76,27027.98,240,12665.78,79314.85
"169","42660","38340","Seattle-Tacoma-Bellevue, WA Metro Area","Pittsfield, MA Metro Area","MOVEDOUT",40,66,c(-121.881387433741, 47.5574033466574),c(-73.2064038800772, 42.3706738934814),"G38340","2011-2015",38340,204700,"G38340","2016-2020","Pittsfield, MA Metro Area",221000,16300,"G38340",-10522,724,36,408,-6,1654,5513
"170","42660","38540","Seattle-Tacoma-Bellevue, WA Metro Area","Pocatello, ID Metro Area","MOVEDOUT",64,49,c(-121.881387433741, 47.5574033466574),c(-112.567819517854, 42.6825343179209),"G38540","2011-2015",38540,145300,"G38540","2016-2020","Pocatello, ID Metro Area",165800,20500,"G38540",-2182.99000000001,121,528,104,84,1263,4323
"171","42660","38900","Seattle-Tacoma-Bellevue, WA Metro Area","Portland-Vancouver-Hillsboro, OR-WA Metro Area","MOVEDOUT",5786,652,c(-121.881387433741, 47.5574033466574),c(-122.478565818679, 45.5981781751352),"G38900","2011-2015",38900,270700,"G38900","2016-2020","Portland-Vancouver-Hillsboro, OR-WA Metro Area",392000,121300,"G38900",-8147.55000000005,12404,6423.61,51419,5408.99,41551.62,177777.44
"172","42660","38940","Seattle-Tacoma-Bellevue, WA Metro Area","Port St. Lucie, FL Metro Area","MOVEDOUT",97,98,c(-121.881387433741, 47.5574033466574),c(-80.4210006007892, 27.2246640348838),"G38940","2011-2015",38940,145000,"G38940","2016-2020","Port St. Lucie, FL Metro Area",227800,82800,"G38940",-10360,13111,658,2235,-20,12921,45005
"173","42660","39340","Seattle-Tacoma-Bellevue, WA Metro Area","Provo-Orem, UT Metro Area","MOVEDOUT",602,210,c(-121.881387433741, 47.5574033466574),c(-112.352673312044, 39.8644245778437),"G39340","2011-2015",39340,227100,"G39340","2016-2020","Provo-Orem, UT Metro Area",334500,107400,"G39340",76999.16,1597,1536,3388.38,2845.07,12285.91,45591.53
"174","42660","39380","Seattle-Tacoma-Bellevue, WA Metro Area","Pueblo, CO Metro Area","MOVEDOUT",52,50,c(-121.881387433741, 47.5574033466574),c(-104.512846810945, 38.1734238817292),"G39380","2011-2015",39380,138600,"G39380","2016-2020","Pueblo, CO Metro Area",172500,33900,"G39380",-17423.91,420,812,472,48,941.009999999998,23830.01
"175","42660","39460","Seattle-Tacoma-Bellevue, WA Metro Area","Punta Gorda, FL Metro Area","MOVEDOUT",0,NA,c(-121.881387433741, 47.5574033466574),c(-81.9503102944886, 26.8998486900554),"G39460","2011-2015",39460,145700,"G39460","2016-2020","Punta Gorda, FL Metro Area",209500,63800,"G39460",13484,179,100,715,13,2109,10269
"176","42660","39540","Seattle-Tacoma-Bellevue, WA Metro Area","Racine, WI Metro Area","MOVEDOUT",52,70,c(-121.881387433741, 47.5574033466574),c(-87.6960633558587, 42.7511710386086),"G39540","2011-2015",39540,164600,"G39540","2016-2020","Racine, WI Metro Area",187700,23100,"G39540",-13293.03,1536,280,195,6,644,12951
"177","42660","39660","Seattle-Tacoma-Bellevue, WA Metro Area","Rapid City, SD Metro Area","MOVEDOUT",33,50,c(-121.881387433741, 47.5574033466574),c(-102.764139015628, 44.3179835971672),"G39660","2011-2015",39660,162100,"G39660","2016-2020","Rapid City, SD Metro Area",199100,37000,"G39660",2530,497,2248,556,36,668,6157
"178","42660","39740","Seattle-Tacoma-Bellevue, WA Metro Area","Reading, PA Metro Area","MOVEDOUT",38,68,c(-121.881387433741, 47.5574033466574),c(-75.925997731989, 40.4162954688892),"G39740","2011-2015",39740,168200,"G39740","2016-2020","Reading, PA Metro Area",187600,19400,"G39740",-33041,1849,967,1028,42,18169,28393
"179","42660","39820","Seattle-Tacoma-Bellevue, WA Metro Area","Redding, CA Metro Area","MOVEDOUT",138,102,c(-121.881387433741, 47.5574033466574),c(-122.040521550274, 40.7637665910163),"G39820","2011-2015",39820,216600,"G39820","2016-2020","Redding, CA Metro Area",261000,44400,"G39820",-10827,364,-39,1587,100,2022,11725
"180","42660","40060","Seattle-Tacoma-Bellevue, WA Metro Area","Richmond, VA Metro Area","MOVEDOUT",296,227,c(-121.881387433741, 47.5574033466574),c(-77.5235048694727, 37.524262759528),"G40060","2011-2015",40060,213000,"G40060","2016-2020","Richmond, VA Metro Area",247500,34500,"G40060",17295.3199999999,5254.19,1075.33,18417.89,110.01,31064.9,61166.63
"181","42660","40140","Seattle-Tacoma-Bellevue, WA Metro Area","Riverside-San Bernardino-Ontario, CA Metro Area","MOVEDOUT",1969,620,c(-121.881387433741, 47.5574033466574),c(-116.129731688999, 34.5516824058412),"G40140","2011-2015",40140,245900,"G40140","2016-2020","Riverside-San Bernardino-Ontario, CA Metro Area",360100,114200,"G40140",-709985.89,18631.53,39072.56,94458.98,1833,370487.07,560501.31
"182","42660","40220","Seattle-Tacoma-Bellevue, WA Metro Area","Roanoke, VA Metro Area","MOVEDOUT",104,82,c(-121.881387433741, 47.5574033466574),c(-79.9469127056889, 37.2861509651136),"G40220","2011-2015",40220,169000,"G40220","2016-2020","Roanoke, VA Metro Area",183800,14800,"G40220",-12572.98,432,205.03,2027.24,16,4096.03,12357.43
"183","42660","40340","Seattle-Tacoma-Bellevue, WA Metro Area","Rochester, MN Metro Area","MOVEDOUT",14,13,c(-121.881387433741, 47.5574033466574),c(-92.4671761841844, 44.102842210396),"G40340","2011-2015",40340,168100,"G40340","2016-2020","Rochester, MN Metro Area",218500,50400,"G40340",2043.35999999999,4359,288,2492,20,1860,8026.98
"184","42660","40380","Seattle-Tacoma-Bellevue, WA Metro Area","Rochester, NY Metro Area","MOVEDOUT",113,71,c(-121.881387433741, 47.5574033466574),c(-77.5539366003257, 43.1885123398662),"G40380","2011-2015",40380,133500,"G40380","2016-2020","Rochester, NY Metro Area",148000,14500,"G40380",-64080.9300000001,4634.00999999999,-114,8467.01,26,14270,47839.24
"185","42660","40580","Seattle-Tacoma-Bellevue, WA Metro Area","Rocky Mount, NC Metro Area","MOVEDOUT",0,NA,c(-121.881387433741, 47.5574033466574),c(-77.7985458146465, 35.941039013153),"G40580","2011-2015",40580,100300,"G40580","2016-2020","Rocky Mount, NC Metro Area",115400,15100,"G40580",-10448.19,-3698.79,107.06,168,20,1539,3786.57
"186","42660","41060","Seattle-Tacoma-Bellevue, WA Metro Area","St. Cloud, MN Metro Area","MOVEDOUT",0,NA,c(-121.881387433741, 47.5574033466574),c(-94.4720310624361, 45.5858913091111),"G41060","2011-2015",41060,164000,"G41060","2016-2020","St. Cloud, MN Metro Area",192100,28100,"G41060",-7607.16,9930,228,247,13,2019,5748
"187","42660","41100","Seattle-Tacoma-Bellevue, WA Metro Area","St. George, UT Metro Area","MOVEDOUT",270,208,c(-121.881387433741, 47.5574033466574),c(-113.504943825592, 37.280360795179),"G41100","2011-2015",41100,212600,"G41100","2016-2020","St. George, UT Metro Area",306900,94300,"G41100",27863,198,320,884,591,2697,9611
"188","42660","41140","Seattle-Tacoma-Bellevue, WA Metro Area","St. Joseph, MO-KS Metro Area","MOVEDOUT",0,NA,c(-121.881387433741, 47.5574033466574),c(-94.7838849655521, 39.8341761620709),"G41140","2011-2015",41140,111500,"G41140","2016-2020","St. Joseph, MO-KS Metro Area",126500,15000,"G41140",-11473.99,-917,33,382,261,473,5380
"189","42660","41180","Seattle-Tacoma-Bellevue, WA Metro Area","St. Louis, MO-IL Metro Area","MOVEDOUT",425,150,c(-121.881387433741, 47.5574033466574),c(-90.3951307877679, 38.6692147967224),"G41180","2011-2015",41180,157100,"G41180","2016-2020","St. Louis, MO-IL Metro Area",179200,22100,"G41180",-124369.04,-9074,1005,22170,37,20620,120482
"190","42660","41420","Seattle-Tacoma-Bellevue, WA Metro Area","Salem, OR Metro Area","MOVEDOUT",574,231,c(-121.881387433741, 47.5574033466574),c(-122.903065358206, 44.9033001383737),"G41420","2011-2015",41420,191100,"G41420","2016-2020","Salem, OR Metro Area",274600,83500,"G41420",-9868.96999999997,1101,2184.35,1845.01,1643.01,8923.45,36800.4
"191","42660","41500","Seattle-Tacoma-Bellevue, WA Metro Area","Salinas, CA Metro Area","MOVEDOUT",243,118,c(-121.881387433741, 47.5574033466574),c(-121.308901559839, 36.2397743981979),"G41500","2011-2015",41500,369100,"G41500","2016-2020","Salinas, CA Metro Area",559400,190300,"G41500",-71838,-2842,7317,1422,61,32756,57102
"192","42660","41620","Seattle-Tacoma-Bellevue, WA Metro Area","Salt Lake City, UT Metro Area","MOVEDOUT",1887,860,c(-121.881387433741, 47.5574033466574),c(-112.620837658359, 40.545989916448),"G41620","2011-2015",41620,231000,"G41620","2016-2020","Salt Lake City, UT Metro Area",329200,98200,"G41620",23261.8199999999,7147.95,4205.89,17481.61,6398.93,26524.04,91205.44
"193","42660","41660","Seattle-Tacoma-Bellevue, WA Metro Area","San Angelo, TX Metro Area","MOVEDOUT",42,55,c(-121.881387433741, 47.5574033466574),c(-100.673038956832, 31.3636636294813),"G41660","2011-2015",41660,108600,"G41660","2016-2020","San Angelo, TX Metro Area",148600,40000,"G41660",-11785,95,182,680,76,2108,18337
"194","42660","41700","Seattle-Tacoma-Bellevue, WA Metro Area","San Antonio-New Braunfels, TX Metro Area","MOVEDOUT",1085,329,c(-121.881387433741, 47.5574033466574),c(-98.6022590795075, 29.4287617920901),"G41700","2011-2015",41700,138400,"G41700","2016-2020","San Antonio-New Braunfels, TX Metro Area",183000,44600,"G41700",-330123,39548,10214,29797,1601,109525,555073
"195","42660","41940","Seattle-Tacoma-Bellevue, WA Metro Area","San Jose-Sunnyvale-Santa Clara, CA Metro Area","MOVEDOUT",2129,474,c(-121.881387433741, 47.5574033466574),c(-121.376926677813, 36.9103091198969),"G41940","2011-2015",41940,688500,"G41940","2016-2020","San Jose-Sunnyvale-Santa Clara, CA Metro Area",1041800,353300,"G41940",-221949.18,-1310.9,9934,189490.11,-73.8900000000003,56484.35,130988.28
"196","42660","42100","Seattle-Tacoma-Bellevue, WA Metro Area","Santa Cruz-Watsonville, CA Metro Area","MOVEDOUT",245,140,c(-121.881387433741, 47.5574033466574),c(-122.009785397467, 37.0216059477939),"G42100","2011-2015",42100,578800,"G42100","2016-2020","Santa Cruz-Watsonville, CA Metro Area",787000,208200,"G42100",-29643,384,1354,1441,35,8518,26390
"197","42660","42140","Seattle-Tacoma-Bellevue, WA Metro Area","Santa Fe, NM Metro Area","MOVEDOUT",110,74,c(-121.881387433741, 47.5574033466574),c(-105.976120893535, 35.5068563913685),"G42140","2011-2015",42140,275200,"G42140","2016-2020","Santa Fe, NM Metro Area",294800,19600,"G42140",-20888.1,173,1071.99,695,20,614.040000000001,28956.17
"198","42660","42340","Seattle-Tacoma-Bellevue, WA Metro Area","Savannah, GA Metro Area","MOVEDOUT",162,110,c(-121.881387433741, 47.5574033466574),c(-81.2704697337363, 32.1067031763369),"G42340","2011-2015",42340,168800,"G42340","2016-2020","Savannah, GA Metro Area",2e+05,31200,"G42340",17794,6918,523,5226,244,7399,19083
"199","42660","42680","Seattle-Tacoma-Bellevue, WA Metro Area","Sebastian-Vero Beach, FL Metro Area","MOVEDOUT",0,NA,c(-121.881387433741, 47.5574033466574),c(-80.5740896737382, 27.6963908996207),"G42680","2011-2015",42680,157800,"G42680","2016-2020","Sebastian-Vero Beach, FL Metro Area",220700,62900,"G42680",6195,970,123,724,17,1914,11817
"200","42660","43100","Seattle-Tacoma-Bellevue, WA Metro Area","Sheboygan, WI Metro Area","MOVEDOUT",64,62,c(-121.881387433741, 47.5574033466574),c(-87.6347722047238, 43.7197084499868),"G43100","2011-2015",43100,148200,"G43100","2016-2020","Sheboygan, WI Metro Area",165400,17200,"G43100",-5657,855,96,1603,-14,1103,4541
"201","42660","43300","Seattle-Tacoma-Bellevue, WA Metro Area","Sherman-Denison, TX Metro Area","MOVEDOUT",84,134,c(-121.881387433741, 47.5574033466574),c(-96.6777211671825, 33.6268129472417),"G43300","2011-2015",43300,107000,"G43300","2016-2020","Sherman-Denison, TX Metro Area",152400,45400,"G43300",-1519,582,552,944,42,3174,10891
"202","42660","43340","Seattle-Tacoma-Bellevue, WA Metro Area","Shreveport-Bossier City, LA Metro Area","MOVEDOUT",0,NA,c(-121.881387433741, 47.5574033466574),c(-93.7451055390712, 32.4387851131497),"G43340","2011-2015",43340,127600,"G43340","2016-2020","Shreveport-Bossier City, LA Metro Area",156900,29300,"G43340",-25035.81,-155.950000000012,222,1049.01,-55,4063,14714
"203","42660","43620","Seattle-Tacoma-Bellevue, WA Metro Area","Sioux Falls, SD Metro Area","MOVEDOUT",144,181,c(-121.881387433741, 47.5574033466574),c(-96.9900742494589, 43.4997167320104),"G43620","2011-2015",43620,160300,"G43620","2016-2020","Sioux Falls, SD Metro Area",208400,48100,"G43620",24844,5950,1443,2641,-58,3150,10499
"204","42660","43780","Seattle-Tacoma-Bellevue, WA Metro Area","South Bend-Mishawaka, IN-MI Metro Area","MOVEDOUT",157,107,c(-121.881387433741, 47.5574033466574),c(-86.134146787969, 41.7736298070234),"G43780","2011-2015",43780,116100,"G43780","2016-2020","South Bend-Mishawaka, IN-MI Metro Area",138200,22100,"G43780",-17652.72,1665,363,1587,-30,3487,15858
"205","42660","43900","Seattle-Tacoma-Bellevue, WA Metro Area","Spartanburg, SC Metro Area","MOVEDOUT",32,45,c(-121.881387433741, 47.5574033466574),c(-81.9906784997642, 34.9312615352758),"G43900","2011-2015",43900,118200,"G43900","2016-2020","Spartanburg, SC Metro Area",153000,34800,"G43900",13694.4,5646.82,610.86,2550.7,110.99,6215.5,14778.34
"206","42660","44140","Seattle-Tacoma-Bellevue, WA Metro Area","Springfield, MA Metro Area","MOVEDOUT",110,85,c(-121.881387433741, 47.5574033466574),c(-72.6256423417875, 42.364870301685),"G44140","2011-2015",44140,214100,"G44140","2016-2020","Springfield, MA Metro Area",236200,22100,"G44140",-67151.56,972.050000000003,546.01,7140.07,56,18684.01,45975.1
"207","42660","44180","Seattle-Tacoma-Bellevue, WA Metro Area","Springfield, MO Metro Area","MOVEDOUT",179,151,c(-121.881387433741, 47.5574033466574),c(-93.1770742503874, 37.3616702324421),"G44180","2011-2015",44180,129500,"G44180","2016-2020","Springfield, MO Metro Area",156400,26900,"G44180",5764.47999999998,2408,334,2047,129,3286.1,24752.14
"208","42660","44220","Seattle-Tacoma-Bellevue, WA Metro Area","Springfield, OH Metro Area","MOVEDOUT",64,73,c(-121.881387433741, 47.5574033466574),c(-83.7838965195154, 39.9167775492559),"G44220","2011-2015",44220,103600,"G44220","2016-2020","Springfield, OH Metro Area",120500,16900,"G44220",-8352,72,68,44,42,639,5155
"209","42660","44300","Seattle-Tacoma-Bellevue, WA Metro Area","State College, PA Metro Area","MOVEDOUT",26,33,c(-121.881387433741, 47.5574033466574),c(-77.8199512151975, 40.9193416134865),"G44300","2011-2015",44300,197200,"G44300","2016-2020","State College, PA Metro Area",242700,45500,"G44300",-6413,838,11,3418,-3,931,5400
"210","42660","44940","Seattle-Tacoma-Bellevue, WA Metro Area","Sumter, SC Metro Area","MOVEDOUT",3,11,c(-121.881387433741, 47.5574033466574),c(-80.382315926301, 33.9161721882083),"G44940","2011-2015",44940,107100,"G44940","2016-2020","Sumter, SC Metro Area",116000,8900,"G44940",-4419,-1538,39,244,-9,384,3399
"211","42660","45060","Seattle-Tacoma-Bellevue, WA Metro Area","Syracuse, NY Metro Area","MOVEDOUT",63,58,c(-121.881387433741, 47.5574033466574),c(-76.076956583913, 43.2009703771968),"G45060","2011-2015",45060,126700,"G45060","2016-2020","Syracuse, NY Metro Area",140900,14200,"G45060",-44256.49,6109,-524.01,6025,-1,5034,27094
"212","42660","45220","Seattle-Tacoma-Bellevue, WA Metro Area","Tallahassee, FL Metro Area","MOVEDOUT",19,21,c(-121.881387433741, 47.5574033466574),c(-84.2814111013535, 30.3867853359359),"G45220","2011-2015",45220,164700,"G45220","2016-2020","Tallahassee, FL Metro Area",187400,22700,"G45220",-9880,1848,106,2466,28,3363,18954
"213","42660","45300","Seattle-Tacoma-Bellevue, WA Metro Area","Tampa-St. Petersburg-Clearwater, FL Metro Area","MOVEDOUT",347,124,c(-121.881387433741, 47.5574033466574),c(-82.4640394122788, 28.1255388254789),"G45300","2011-2015",45300,144600,"G45300","2016-2020","Tampa-St. Petersburg-Clearwater, FL Metro Area",210900,66300,"G45300",-147445,46521,3891,43812,420,101838,342995
"214","42660","45460","Seattle-Tacoma-Bellevue, WA Metro Area","Terre Haute, IN Metro Area","MOVEDOUT",5,9,c(-121.881387433741, 47.5574033466574),c(-87.3439938734434, 39.3919113353936),"G45460","2011-2015",45460,88200,"G45460","2016-2020","Terre Haute, IN Metro Area",99700,11500,"G45460",-9408,-279,-19,279,3,1063,4811
"215","42660","45780","Seattle-Tacoma-Bellevue, WA Metro Area","Toledo, OH Metro Area","MOVEDOUT",58,73,c(-121.881387433741, 47.5574033466574),c(-83.5148951090046, 41.5547184843156),"G45780","2011-2015",45780,114700,"G45780","2016-2020","Toledo, OH Metro Area",134900,20200,"G45780",-37981,1423,143,1270,1,2293,28026
"216","42660","46060","Seattle-Tacoma-Bellevue, WA Metro Area","Tucson, AZ Metro Area","MOVEDOUT",1740,541,c(-121.881387433741, 47.5574033466574),c(-111.789945456768, 32.0973814886838),"G46060","2011-2015",46060,159900,"G46060","2016-2020","Tucson, AZ Metro Area",199400,39500,"G46060",-95367,5282,1988,5636,605,7024,138006
"217","42660","46140","Seattle-Tacoma-Bellevue, WA Metro Area","Tulsa, OK Metro Area","MOVEDOUT",172,87,c(-121.881387433741, 47.5574033466574),c(-96.1662596443598, 36.2504292674787),"G46140","2011-2015",46140,131400,"G46140","2016-2020","Tulsa, OK Metro Area",155000,23600,"G46140",-42234.16,1531,5274.78999999999,12348.41,713,15915,84309.18
"218","42660","46220","Seattle-Tacoma-Bellevue, WA Metro Area","Tuscaloosa, AL Metro Area","MOVEDOUT",18,23,c(-121.881387433741, 47.5574033466574),c(-87.6560110567016, 33.0525829232296),"G46220","2011-2015",46220,146000,"G46220","2016-2020","Tuscaloosa, AL Metro Area",165800,19800,"G46220",7037,9389,439,929,1,3348,8947
"219","42660","46340","Seattle-Tacoma-Bellevue, WA Metro Area","Tyler, TX Metro Area","MOVEDOUT",55,100,c(-121.881387433741, 47.5574033466574),c(-95.2691825906234, 32.3750353905621),"G46340","2011-2015",46340,130600,"G46340","2016-2020","Tyler, TX Metro Area",164200,33600,"G46340",-2547,964,515,1591,27,4937,18278
"220","42660","46540","Seattle-Tacoma-Bellevue, WA Metro Area","Utica-Rome, NY Metro Area","MOVEDOUT",23,27,c(-121.881387433741, 47.5574033466574),c(-75.1813657665877, 43.3374133268132),"G46540","2011-2015",46540,109900,"G46540","2016-2020","Utica-Rome, NY Metro Area",127000,17100,"G46540",-26711,1555,38,4099,48,2722,11116
"221","42660","46660","Seattle-Tacoma-Bellevue, WA Metro Area","Valdosta, GA Metro Area","MOVEDOUT",139,211,c(-121.881387433741, 47.5574033466574),c(-83.2415960747274, 30.8294866477115),"G46660","2011-2015",46660,122900,"G46660","2016-2020","Valdosta, GA Metro Area",137300,14400,"G46660",-3527,5046,43,353,2,961,5660
"222","42660","47020","Seattle-Tacoma-Bellevue, WA Metro Area","Victoria, TX Metro Area","MOVEDOUT",0,NA,c(-121.881387433741, 47.5574033466574),c(-96.980026117906, 28.6208664339496),"G47020","2011-2015",47020,119000,"G47020","2016-2020","Victoria, TX Metro Area",151700,32700,"G47020",-22911.98,10,216,712,14,3567,21446
"223","42660","47260","Seattle-Tacoma-Bellevue, WA Metro Area","Virginia Beach-Norfolk-Newport News, VA-NC Metro Area","MOVEDOUT",565,198,c(-121.881387433741, 47.5574033466574),c(-76.3877749770064, 36.9145690115707),"G47260","2011-2015",47260,233800,"G47260","2016-2020","Virginia Beach-Norfolk-Newport News, VA-NC Metro Area",253800,20000,"G47260",-50853.73,10384.04,1013,15681,820,23447.01,87052
"224","42660","47380","Seattle-Tacoma-Bellevue, WA Metro Area","Waco, TX Metro Area","MOVEDOUT",99,70,c(-121.881387433741, 47.5574033466574),c(-97.2017877798534, 31.5523768983529),"G47380","2011-2015",47380,110800,"G47380","2016-2020","Waco, TX Metro Area",148100,37300,"G47380",-7562,2751,1038,1790,82,2696,24878
"225","42660","47900","Seattle-Tacoma-Bellevue, WA Metro Area","Washington-Arlington-Alexandria, DC-VA-MD-WV Metro Area","MOVEDOUT",2129,439,c(-121.881387433741, 47.5574033466574),c(-77.3845797127008, 38.8438403869312),"G47900","2011-2015",47900,378400,"G47900","2016-2020","Washington-Arlington-Alexandria, DC-VA-MD-WV Metro Area",436600,58200,"G47900",-268853.44,116084.7,16887.01,181179.68,575.44,251578.09,432015.68
"226","42660","47940","Seattle-Tacoma-Bellevue, WA Metro Area","Waterloo-Cedar Falls, IA Metro Area","MOVEDOUT",22,32,c(-121.881387433741, 47.5574033466574),c(-92.4711569427941, 42.536231987),"G47940","2011-2015",47940,133300,"G47940","2016-2020","Waterloo-Cedar Falls, IA Metro Area",152300,19000,"G47940",-9820,2105,161,1739,646,851,4960
"227","42660","48620","Seattle-Tacoma-Bellevue, WA Metro Area","Wichita, KS Metro Area","MOVEDOUT",276,186,c(-121.881387433741, 47.5574033466574),c(-97.2454275253188, 37.6386711990815),"G48620","2011-2015",48620,124400,"G48620","2016-2020","Wichita, KS Metro Area",144200,19800,"G48620",-31988,792,749,2686,154,7733,44423
"228","42660","48660","Seattle-Tacoma-Bellevue, WA Metro Area","Wichita Falls, TX Metro Area","MOVEDOUT",4,10,c(-121.881387433741, 47.5574033466574),c(-98.4914009579044, 33.7747645723892),"G48660","2011-2015",48660,90100,"G48660","2016-2020","Wichita Falls, TX Metro Area",106500,16400,"G48660",-16612,50,68,101,76,2132,11007
"229","42660","48900","Seattle-Tacoma-Bellevue, WA Metro Area","Wilmington, NC Metro Area","MOVEDOUT",50,97,c(-121.881387433741, 47.5574033466574),c(-78.038930890837, 34.2518772222824),"G48900","2011-2015",48900,200200,"G48900","2016-2020","Wilmington, NC Metro Area",243700,43500,"G48900",39201,-4917,230,1571,91,5290,18815
"230","42660","49020","Seattle-Tacoma-Bellevue, WA Metro Area","Winchester, VA-WV Metro Area","MOVEDOUT",30,49,c(-121.881387433741, 47.5574033466574),c(-78.4738886635992, 39.2721494221517),"G49020","2011-2015",49020,205700,"G49020","2016-2020","Winchester, VA-WV Metro Area",242500,36800,"G49020",876.279999999999,492,228,822,8,3786,7956.51
"231","42660","49180","Seattle-Tacoma-Bellevue, WA Metro Area","Winston-Salem, NC Metro Area","MOVEDOUT",84,71,c(-121.881387433741, 47.5574033466574),c(-80.3969522133791, 36.1851640621386),"G49180","2011-2015",49180,143000,"G49180","2016-2020","Winston-Salem, NC Metro Area",157700,14700,"G49180",-11649.04,3610.91,1277.83,2926.93,57,7821.89,25255.99
"232","42660","49420","Seattle-Tacoma-Bellevue, WA Metro Area","Yakima, WA Metro Area","MOVEDOUT",1916,481,c(-121.881387433741, 47.5574033466574),c(-120.738703169125, 46.4568459639814),"G49420","2011-2015",49420,158200,"G49420","2016-2020","Yakima, WA Metro Area",191400,33200,"G49420",-30614.72,-201,2410.94,470,105,11657.33,29652.93
"233","42660","49660","Seattle-Tacoma-Bellevue, WA Metro Area","Youngstown-Warren-Boardman, OH-PA Metro Area","MOVEDOUT",89,90,c(-121.881387433741, 47.5574033466574),c(-80.5676355562142, 41.2377885069474),"G49660","2011-2015",49660,98900,"G49660","2016-2020","Youngstown-Warren-Boardman, OH-PA Metro Area",110300,11400,"G49660",-43547.33,-3151.96,-36,380.99,19,2595,19215.85
"234","42660","49700","Seattle-Tacoma-Bellevue, WA Metro Area","Yuba City, CA Metro Area","MOVEDOUT",26,38,c(-121.881387433741, 47.5574033466574),c(-121.51791761597, 39.1553061249823),"G49700","2011-2015",49700,184800,"G49700","2016-2020","Yuba City, CA Metro Area",288900,104100,"G49700",-13681,754,616,5483,150,7115,13879
"235","42660","49740","Seattle-Tacoma-Bellevue, WA Metro Area","Yuma, AZ Metro Area","MOVEDOUT",258,196,c(-121.881387433741, 47.5574033466574),c(-113.90556380393, 32.7694043560789),"G49740","2011-2015",49740,112100,"G49740","2016-2020","Yuma, AZ Metro Area",139200,27100,"G49740",-47563,168,466,263,-23,10501,44318
